smiles,target
CC(=O)C1(C)CCC2C3=CC(C)=C4CC(=O)CCC4(C)C3CCC21C,-5.27
CS(=O)(=O)c1ccc(C(O)C(CO)NC(=O)C(Cl)Cl)cc1,-2.154
Oc1ccc(Cl)cc1Cc1cc(Cl)ccc1O,-3.953
CO,1.57
CNC(=O)C(C)SCCSP(=O)(OC)OC,1.144
C=C,-0.4
Clc1cccc(Cl)c1-c1c(Cl)cccc1Cl,-7.39
CCCC(C)(C)O,-0.49
COc1ccc(C(O)(c2cncnc2)C2CC2)cc1,-2.596
c1ccc2c(c1)CCN2,-1.04
CCC,-1.94
CCCCCC,-3.84
Clc1c(Cl)c(Cl)c(-c2ccccc2)c(Cl)c1Cl,-7.92
Cc1ccccc1C(C)C,-3.76
ClCC(Cl)(Cl)Cl,-2.18
c1ccc2c(c1)CCC2,-3.04
CC(=O)C(C)(C)C,-0.72
Cc1ncc2nccnc2n1,-0.12
COc1ccc(NC(=O)N(C)C)cc1Cl,-2.564
Clc1ccc2ccccc2c1,-4.14
CNc1cnn(-c2cccc(C(F)(F)F)c2)c(=O)c1Cl,-4.046
Clc1cccc(Br)c1,-3.21
CCOC(=O)c1cncn1C(C)c1ccccc1,-4.735
c1ccc2c(c1)ccc1c2ccc2c3ccccc3ccc21,-7.87
O=C1NC(=O)c2ccccc21,-2.61
CC1(C)C2CCC1(C)C(O)C2,-2.32
O=c1[nH]cnc2c1ncn2C1OC(CO)C(O)C1O,-1.23
Cc1ccc2c(c1)C(=O)N(C)c1cc(N)ccc1O2,-3.928
CCNc1ccccc1,-1.7
CC12CCC(=O)C=C1CCC1C2CCC2(C)C(C(=O)CO)CCC12,-3.45
CC(C)CC(C)O,-0.8
CC(=O)Nc1ccc(F)cc1,-1.78
CCCC=O,-0.01
NC(=S)Nc1ccccc1,-1.77
CCCCCCBr,-3.81
CC1(C)C(C=C(Cl)Cl)C1C(=O)OC(C#N)c1cccc(Oc2ccccc2)c1,-8.017000000000001
CCCCOC(=O)CCCCCCCCC(=O)OCCCC,-3.896
c1ccc2cnccc2c1,-1.45
CC#N,0.26
COc1ccc(C(c2ccc(OC)cc2)C(Cl)(Cl)Cl)cc1,-6.89
Clc1cccc(-c2c(Cl)c(Cl)cc(Cl)c2Cl)c1Cl,-8.6
O=C1NC(=O)C2(CC2)C(=O)N1,-1.886
c1ccc(-c2ccc(-c3ccccc3)cc2)cc1,-7.11
CC(=O)OC1(C)CCC2C3CC=C4CC(=O)CCC4(C)C3CCC21C,-5.284
CCCCC(=O)CCCC,-2.58
CCBr,-1.09
c1ccncc1,0.76
Nc1ncnc2c1ccn2C1OC(CO)C(O)C1O,-1.95
c1cnc2c(c1)ccc1ncccc12,-2.68
N#CC(Cl)(Cl)Cl,-2.168
CC(C)C(=O)C(C)C,-1.3
C1CCCCC1,-3.1
Cn1c(=O)c2[nH]cnc2n(C)c1=O,-1.39
Nc1cccc([N+](=O)[O-])c1,-2.19
CCOc1ccccc1,-2.33
C/C=C/CCCC,-3.82
ClCCBr,-1.32
CCOC(=O)CC,-0.66
CSCS(=O)CC(CO)NC(=O)C=Cc1c(C)[nH]c(=O)[nH]c1=O,-1.981
CC1CCCO1,0.11
O=[N+]([O-])c1ccccc1[N+](=O)[O-],-3.1
c1ccc2c(c1)cc1ccc3cccc4ccc2c1c34,-8.699
Cc1occc1C(=O)Nc1ccccc1,-3.3
Nc1cnn(-c2ccccc2)c(=O)c1Cl,-2.878
Nc1ccccc1[N+](=O)[O-],-1.96
Clc1ccc(Cl)c(-c2c(Cl)c(Cl)cc(Cl)c2Cl)c1,-7.42
CSSC,-1.44
OCC1OC(OC2C(CO)OC(O)C(O)C2O)C(O)C(O)C1O,-0.244
Clc1ccc(C(c2ccc(Cl)cc2)C(Cl)Cl)cc1,-7.2
ClCCl,-0.63
O=[N+]([O-])c1ccc(Cl)cc1,-2.92
C#CCCCC,-2.36
C=CCl,-1.75
Nc1ncnc2[nH]cnc12,-2.12
Cc1c[nH]c(=O)nc1N,-1.4580000000000002
Nc1cc2c3ccccc3ccc2c2ccccc12,-6.2
C=CCC1(CC)C(=O)NC(=O)NC1=O,-1.614
c1cc2cccc3c4cccc5cccc(c(c1)c23)c54,-8.804
Clc1cc(Cl)c(Cl)cc1Cl,-5.56
CC(=O)OCC(C)C,-1.21
C=CCC=C,-2.09
O=C1NC(=O)C(=O)N1,-0.4
CN1C(=O)c2cccnc2Oc2ccccc21,-3.672
CCNc1nc(NC(C)C)nc(SC)n1,-3.04
COc1cc(C2c3cc4c(cc3C(OC3OC5COC(C)OC5C(O)C3O)C3COC(=O)C23)OCO4)cc(OC)c1O,-3.571
COc1nc(NC(C)C)nc(NC(C)C)n1,-2.478
N#CCCl,-0.092
Cc1cc(S(=O)(=O)c2ccccc2)ccc1NS(=O)(=O)C(F)(F)F,-3.8
COP(=S)(OC)Oc1ccc([N+](=O)[O-])cc1Cl,-4.31
CN(C)C(=O)SCCCCOc1ccccc1,-3.927
O=c1cc[nH]c(=S)[nH]1,-2.273
c1ccc2c(c1)Cc1cc3ccccc3cc1-2,-8.04
CCC(=O)CC,-0.28
CCCCCCC(C)=O,-2.05
CCN1c2ccccc2N(C)C(=O)c2cccnc21,-3.324
O=C(C=CC=Cc1ccc2c(c1)OCO2)N1CCCCC1,-3.46
CC12CC1(C)C(=O)N(c1cc(Cl)cc(Cl)c1)C2=O,-4.8
CNC(=O)Oc1cccc2ccccc12,-3.224
CCOC(N)=O,0.85
Cc1cc(C(=O)NNCc2ccccc2)no1,-2.461
CC(C)CCOC=O,-1.52
CN1CC(O)N(c2nnc(C(C)(C)C)s2)C1=O,-1.877
CCOC(=O)Nc1cccc(OC(=O)Nc2ccccc2)c1,-4.632
CNC(=O)ON=C(SC)C(=O)N(C)C,0.106
CCCN(CCC)c1c([N+](=O)[O-])cc(C(C)C)cc1[N+](=O)[O-],-6.49
CC(Cl)(Cl)Cl,-2.0
OCc1ccccc1,-0.4
CCOC(C)=O,-0.04
c1ccc(NNc2ccccc2)cc1,-2.92
Clc1c(Cl)c(Cl)c2nccnc2c1Cl,-5.43
O=c1cccc[nH]1,1.02
CCCCCCCCCCCCCCCCCCCCCCCCCC,-8.334
Oc1ccc(Cl)c(Cl)c1,-1.25
Cc1ccccc1[N+](=O)[O-],-2.33
OCC1OC(O)(CO)C(O)C1O,0.64
C=CCCCCC,-3.73
CCCCCC(C)C,-5.08
CCCOCC,-0.66
C=CCc1ccc(O)c(OC)c1,-1.56
CNc1ccccc1,-1.28
CC(=O)OCC(=O)C1(O)CCC2C3CC=C4CC(=O)C=CC4(C)C3C(O)CC21C,-4.37
CCCCCCCCCCO,-3.63
CCC(C)(C)CO,-1.04
Cc1ccc2c(c1)Oc1ncc(N)cc1C(=O)N2C,-3.043
O=C(Nc1cccc(Cl)c1)OCC#CCCl,-4.37
CCC(O)(CC)CC,-0.85
CCCCC(C)CC,-5.16
CCC1(CC=C(C)C)C(=O)NC(=O)NC1=O,-2.253
CCCCSP(=O)(SCCCC)SCCCC,-5.14
O=[N+]([O-])c1ccc(O)cc1,-0.74
O=C1C2(Cl)C3(Cl)C4(Cl)C(Cl)(Cl)C5(Cl)C3(Cl)C1(Cl)C5(Cl)C24Cl,-5.259
CCCCCCCCC(=O)OC,-3.38
FC(F)(F)C(Cl)Br,-1.71
CCCCc1ccccc1,-4.06
CN(C)C(=O)C(c1ccccc1)c1ccccc1,-2.98
CCCC(C)=O,-0.19
Oc1ccc(Br)cc1,-1.09
CCOC(=O)NCCOc1ccc(Oc2ccccc2)cc1,-4.7
CCOC(=O)N(C)C(=O)CSP(=S)(OCC)OCC,-2.518
Oc1c(Cl)c(Cl)cc(Cl)c1Cl,-3.37
CCCCC(=O)OCC,-2.25
Cc1ccc(Br)cc1,-3.19
CCOP(=S)(NC(C)C)Oc1ccccc1C(=O)OC(C)C,-4.194
O=c1c(C(CC(O)c2ccc(-c3ccc(Br)cc3)cc2)c2ccccc2)c(O)oc2ccccc12,-4.445
CC12CCC3C(CCC4CC(O)CCC43C)C1CCC2=O,-4.402
CCCCl,-1.47
CC(C)CCC(C)(C)C,-5.05
CC(C)I,-2.09
O=C1NC(=O)C2(CCCC2)C(=O)N1,-2.349
CCC1(CC)C(=O)NC(=O)NC1=O,-2.4
Brc1ccc(I)cc1,-4.56
CCC(C)(C)C,-3.55
O=C(Nc1ccccc1)c1ccccc1I,-4.21
COC1=CC(=O)CC(C)C12Oc1c(Cl)c(OC)cc(OC)c1C2=O,-3.2460000000000004
Cc1c(C)c(C)c(C)c(C)c1C,-5.23
CC(=O)Nc1ccc(O)cc1,-1.03
CCCCCCCCBr,-5.06
CCCCCCCCO,-2.39
c1ccnnc1,1.1
O=C1NC(=O)C2(CCCCCC2)C(=O)N1,-3.168
COP(=O)(NC(C)=O)SC,0.54
CC(C)Nc1nc(Cl)nc(NC(C)C)n1,-4.43
Cc1c(C)c2c3ccccc3ccc2c2ccccc12,-7.01
Oc1c(C2=CCC(c3ccc(Cl)cc3)CC2)c(O)c2ccccc2c1O,-5.931
CCOP(=S)(OCC)Oc1ccc([N+](=O)[O-])cc1,-4.66
O=Cc1ccco1,-0.1
CC12CCC(=O)C=C1CCC1C2CCC2(C)C1CCC2(C)O,-3.999
Brc1ccc2ccccc2c1,-4.4
CC12CCC(=O)C=C1CCC1C2C(O)CC2(C)C(C(=O)CO)CCC12,-3.24
Cc1cc2nc3c(=O)[nH]c(=O)nc-3n(CC(O)C(O)C(O)CO)c2cc1C,-3.685
Oc1ccc(-c2ccccc2)cc1,-3.48
CC(C)(C)CO,-0.4
S=c1[nH]c2ccccc2s1,-3.18
CC(=O)OCC(=O)C1(O)CCC2C3CC=C4CC(=O)CCC4(C)C3C(O)CC21C,-4.88
ClC(Cl)C(Cl)Cl,-1.74
NC(=O)Nc1[nH]c(=O)[nH]c1O,-1.6
NS(=O)(=O)c1cc(C2(O)NC(=O)c3ccccc32)ccc1Cl,-3.451
CC1(C)OC2CC3C4CC=C5CC(=O)C=CC5(C)C4(F)C(O)CC3(C)C2(C(=O)CO)O1,-4.31
CCN(CC)C(=O)C(C)Oc1cccc2ccccc12,-3.57
ClC(Cl)Br,-1.54
CCCCCCCCCCCCCCCCCCCC,-8.172
CCc1ccccn1,0.51
c1ccc2ccccc2c1,-3.6
Oc1csc(=S)[nH]1,-1.77
ClC(Cl)(Cl)C(Cl)(Cl)Cl,-3.67
C=C(C)C1Cc2c(ccc3c2OC2COc4cc(OC)c(OC)cc4C2C3=O)O1,-4.42
CC(C)CO,0.1
c1ccc2c(c1)c1ccccc1c1ccccc21,-6.726
ClC(Cl)C(Cl)(Cl)Cl,-2.6
ClC1=C(Cl)C2(Cl)C3C4C=CC(C4)C3C1(Cl)C2(Cl)Cl,-6.307
CCOP(=S)(OCC)SC(CCl)N1C(=O)c2ccccc2C1=O,-6.34
COC1=C(OC)C2C(=O)OCC2C=C1,-1.899
Oc1c(Cl)c(Cl)c(Cl)c(Cl)c1Cl,-4.28
COC=O,0.58
Cc1c(N)c(=O)n(-c2ccccc2)n1C,-0.624
OCC(O)C(O)C(O)C(O)CO,0.06
C/C=C/CC,-2.54
CC(C)=CCCC(C)=CC=O,-2.06
CCCCCCCCCCCC(=O)OC,-4.69
Oc1cccc(O)c1,0.81
Brc1ccccc1Br,-3.5
COc1cccc(Cl)c1,-2.78
CCN1c2cc(Cl)ccc2NC(=O)c2cccnc21,-5.36
CC1CCCCC1C,-4.3
CCCCCCC(=O)OCC,-2.74
Cc1c(F)c(F)c(COC(=O)C2C(C=C(Cl)C(F)(F)F)C2(C)C)c(F)c1F,-7.321000000000001
C/C=C\CC,-2.54
N#Cc1c(Cl)c(Cl)c(Cl)c(C#N)c1Cl,-5.64
CC(=O)N(C)C,1.11
CCSC(=O)N(CC)C1CCCCC1,-3.4
CCCC1COC(Cn2cncn2)(c2ccc(Cl)cc2Cl)O1,-3.4930000000000003
NS(=O)(=O)c1cc2c(cc1C(F)(F)F)NC(Cc1ccccc1)NS2(=O)=O,-3.59
CCC1(c2ccccc2)C(=O)NC(=O)NC1=O,-2.322
CCc1ccc(C)cc1,-3.11
CCCC(=O)CCC,-1.3
Clc1cccc2ccccc12,-3.93
CON(C)C(=O)Nc1ccc(Cl)c(Cl)c1,-3.592
CCCCCC1CCCC1,-6.08
N#Cc1cc(I)c(O)c(I)c1,-3.61
N#CCCCl,-0.29
ClCC(Cl)Cl,-1.48
ClC(Cl)=C(Cl)C(Cl)=C(Cl)Cl,-4.92
CCOP(=S)(OCC)N1C(=O)c2ccccc2C1=O,-3.35
Clc1ccc(-c2ccc(Cl)c(Cl)c2Cl)c(Cl)c1,-7.8
O=C1N=C(c2ccccc2)c2cc(Cl)ccc2NC1O,-3.952
CCOC(=O)CCN(SN(C)C(=O)Oc1cccc2c1OC(C)(C)C2)C(C)C,-4.71
CCCC,-2.57
CCC(C)Cl,-1.96
CCI,-1.6
CCCN(CCC)c1c([N+](=O)[O-])cc(S(N)(=O)=O)cc1[N+](=O)[O-],-5.16
C1CCC2CCCCC2C1,-5.19
Brc1cc(Br)cc(Br)c1,-5.6
c1ccc(Nc2ccccc2)cc1,-3.504
FC(F)(Cl)C(F)(F)Cl,-2.74
Clc1ccc(-c2cccc(Cl)c2Cl)cc1,-6.29
O=[N+]([O-])C(Cl)(Cl)Cl,-2.0
C#CCC,-1.24
Oc1cccc(Cl)c1Cl,-1.3
CCc1ccc2ccccc2c1,-4.29
C=CCCC=C,-2.68
COc1ccc(Oc2ccc(NC(=O)N(C)C)cc2)cc1,-4.16
Oc1ccccc1Cl,-1.06
CCCCOCN(C(=O)CCl)c1c(CC)cccc1CC,-4.19
CCCl,-1.06
CCCCC1(CC)C(=O)NC(=O)NC1=O,-1.661
CCCC(O)CCC,-1.4
Fc1ccccc1,-1.8
O=[N+]([O-])c1cccc2ccccc12,-3.54
O=c1[nH]c(=O)c2[nH]c(=O)[nH]c2[nH]1,-3.93
Cc1cncc(C)c1,0.38
CCC(C)CC,-3.68
c1ccc2c(c1)-c1cccc3c1c-2cc1ccccc13,-8.23
ClCCCCl,-1.62
C=CCCCCCC,-4.44
CCC=O,0.58
Cc1ccc2ccccc2c1,-3.77
OC(Cn1cncn1)(Cn1cncn1)c1ccc(F)cc1F,-1.8
CCCCc1c(C)nc(NCC)nc1OS(=O)(=O)N(C)C,-4.16
O=C1NC(=O)C2(CCCCCCC2)C(=O)N1,-2.982
CCOC(=O)c1ccccc1,-2.32
O=c1c(O)c(-c2ccc(O)cc2O)oc2cc(O)cc(O)c12,-3.083
CC(C)CC(C)(C)C,-4.74
CCCCCc1ccccc1,-4.64
CCNC(=S)NCC,-1.46
CCCCCCO,-1.24
CC(C)C(C)O,-0.18
c1ccc2[nH]ccc2c1,-1.52
Cc1c([N+](=O)[O-])cccc1[N+](=O)[O-],-3.0
CCC(Br)(CC)C(=O)NC(N)=O,-2.68
COc1ncnc2nccnc12,-1.11
CCCCCOC(C)=O,-1.89
c1ccoc1,-0.82
Cc1cnc2cncnc2n1,-0.8540000000000001
Oc1ccc(O)cc1,-0.17
CCCCC(=O)OC,-1.34
Oc1ccc(Cl)cc1,-0.7
ClC1=C(Cl)C2(Cl)C3C(Cl)C(Cl)CC3C1(Cl)C2(Cl)Cl,-6.86
Cc1cccc(C)c1NC(=O)c1cc(S(N)(=O)=O)c(Cl)cc1O,-3.79
O=C(NC(=O)c1c(F)cccc1F)Nc1cc(Cl)c(F)c(Cl)c1F,-7.28
C=CC#N,0.15
CCCCCC=O,-1.3
C=CC(=C)C,-2.03
c1cc2ccc3cccc4ccc(c1)c2c34,-6.176
Cc1cc(C)c(C)cc1C,-4.59
Nc1cnn(-c2ccccc2)c(=O)c1Br,-3.127
CCC(C)C(C)=O,-0.67
CC12CCC3c4ccc(O)cc4CCC3C1CC(O)C2O,-4.955
CSc1nc(N(C)C)nc(N(C)C)n1,-2.676
CN1C(=O)CN=C(c2ccccc2)c2cc(Cl)ccc21,-3.754
COc1cc2c(N)nc(N3CCN(C(=O)OCC(C)(C)O)CC3)nc2c(OC)c1OC,-3.638
BrCCBr,-1.68
CCOP(=S)(OCC)ON=C(C#N)c1ccccc1,-4.862
CCN1c2ccccc2N(C)C(=S)c2cccnc21,-4.706
CCOP(=S)(OCC)SCn1c(=O)oc2cc(Cl)ccc21,-5.233
CCC(=O)OC1CCC2C3CC=C4CC(=O)CCC4(C)C3CCC12C,-5.37
CCCCCCCC(=O)OCN1C(=O)NC(c2ccccc2)(c2ccccc2)C1=O,-6.523
CC(=O)OCC(=O)C1(O)C(C)CC2C3CC=C4CC(=O)C=CC4(C)C3(F)C(O)CC21C,-4.9
Cc1ccc(NC(=O)N(C)C)cc1Cl,-3.483
CC12C=CC(=O)C=C1CCC1C3CC(O)C(O)(C(=O)CO)C3(C)CC(O)C12F,-3.68
CC(C)=CC1C(C(=O)OCc2cccc(Oc3ccccc3)c2)C1(C)C,-5.24
CC(=O)OC1CCC2C3CC=C4CC(=O)CCC4(C)C3CCC12C,-5.184
Cc1cc(C)cc(C)c1,-3.4
CCCCC,-3.18
Cc1cccc(C)c1,-2.82
CCCCCC(=O)OC,-1.87
CC1=C(C(=O)Nc2ccccc2)CCCO1,-2.56
COP(=O)(OC)OC(=CCl)c1cc(Cl)c(Cl)cc1Cl,-4.522
Cc1ncc([N+](=O)[O-])n1CCO,-1.26
CC(=O)OCC(=O)C1(O)C(OC(C)=O)CC2C3CC=C4CC(=O)C=CC4(C)C3(F)C(O)CC21C,-4.13
O=CNC(N1C=CN(C(NC=O)C(Cl)(Cl)Cl)C=C1)C(Cl)(Cl)Cl,-4.19
Cc1ccc(S(N)(=O)=O)cc1,-1.74
NC(=O)c1ccccc1O,-1.82
CC(=O)OCC(COC(C)=O)OC(C)=O,-0.6
c1ccc2[nH]nnc2c1,-0.78
CCN(Cc1c(F)cccc1Cl)c1c([N+](=O)[O-])cc(C(F)(F)F)cc1[N+](=O)[O-],-6.78
Oc1c(Cl)cc(Cl)cc1Cl,-2.34
c1ccc2cc3cc4ccccc4cc3cc2c1,-8.6
c1ccc2c(c1)ccc1c3ccccc3ccc21,-8.057
CCCCBr,-2.37
O=c1[nH]cc(F)c(=O)[nH]1,-1.077
Clc1cccc(C(Cl)(Cl)Cl)n1,-3.76
Cc1cccc(C)n1,0.45
CC1CCC(C(C)C)C(O)C1,-2.53
CCCCCCCCCC(=O)OCC,-4.1
OCC1OC(OCC2OC(OC3(CO)OC(CO)C(O)C3O)C(O)C(O)C2O)C(O)C(O)C1O,-0.41
CC(Cl)CCl,-1.6
C=CCCC,-2.68
COc1c(O)c(Cl)c(Cl)c(Cl)c1Cl,-4.02
CC(C)C(C)C,-3.65
O=[N+]([O-])c1cccc(Cl)c1,-2.77
C=CCC1(c2ccccc2)C(=O)NC(=O)NC1=O,-2.369
CCC1(C2=CCC3CCC2C3)C(=O)NC(=O)NC1=O,-2.696
CC12CCC3C(CCC4CC5SC5CC43C)C1CCC2O,-5.41
CN(C)C(=O)OC1=CC(=O)CC(C)(C)C1,-0.85
O=C(OCC(O)CO)c1ccccc1Nc1ccnc2cc(Cl)ccc12,-4.571000000000001
NC(=O)c1cnccn1,-0.667
CCSCCSP(=S)(OC)OC,-3.091
CC(C)SC(C)C,-2.24
ClCBr,-0.89
NS(=O)(=O)c1cc2c(cc1Cl)N=CNS2(=O)=O,-3.05
CC(O)C(C)(C)C,-0.62
Clc1ccc(Br)cc1,-3.63
CCCCCCl,-2.73
CC(C)C1(C(C)C)C(=O)NC(=O)NC1=O,-2.766
Oc1[nH]c(O)c2c1C1C=C(C(O)(c3ccccc3)c3ccccn3)C2C1=C(c1ccccc1)c1ccccn1,-3.931
CCC(=O)OC,-0.14
Oc1c2ccccc2cc2ccccc12,-4.73
CCCOC,-0.39
Clc1ccccc1,-2.38
CC12CCC(C1)C(C)(C)C2=O,-1.85
C#CC,-0.41
CCC(C)O,0.47
Nc1cccc2nc3ccccc3cc12,-4.22
CCCCOCCO,-0.42
OC1CCCCCCC1,-1.29
Cc1[nH]c(=O)n(C(C)(C)C)c(=O)c1Cl,-2.484
C,-0.9
Ic1ccccc1,-3.01
CC(C)C(C)(C)C,-4.36
c1ccc2c(c1)Cc1c-2ccc2ccccc12,-6.68
Brc1ccc(Br)c(Br)c1,-4.5
CC1CCCCC1NC(=O)Nc1ccccc1,-4.11
c1ccsc1,-1.33
CCc1ccc(CC)cc1,-3.75
CCCCc1c(C)[nH]c(NCC)nc1=O,-3.028
ClC1=C(Cl)C2(Cl)C3CC=CC3C1(Cl)C2(Cl)Cl,-5.64
c1ccccc1,-1.64
CCOC(C)OCC,-0.43
O=Cc1ccc(O)cc1,-0.96
CCCCC(C)(C)O,-1.08
COC(=O)c1ccccc1OC1OC(COC2OCC(O)C(O)C2O)C(O)C(O)C1O,-0.742
ClCc1ccccc1,-2.39
CC(C)Oc1cc(-n2nc(C(C)(C)C)oc2=O)c(Cl)cc1Cl,-5.696000000000001
C=CCC1(CC=C)C(=O)NC(=O)NC1=O,-2.077
COc1ccc2ccc(=O)oc2c1CC=C(C)C,-4.314
CNC(=O)ON=C(CSC)C(C)(C)C,-1.62
C=CCC1(C(C)CC)C(=O)NC(=O)NC1=O,-2.016
Cc1ccccc1-n1c(C)nc2ccccc2c1=O,-2.925
CC(C)c1ccc(NC(=O)N(C)C)cc1,-3.536
COP(=S)(OC)Oc1ccc([N+](=O)[O-])c(C)c1,-4.04
CCC(C)C(C)C,-4.28
COC(=O)c1ccc(O)cc1,-1.827
CCC1CCCCC1,-4.25
Oc1cccc2ccccc12,-2.22
OC(Cn1cncn1)(c1ccc(F)cc1)c1ccccc1F,-3.37
Oc1cccc(Cl)c1,-0.7
FC(F)(Cl)C(F)(Cl)Cl,-3.04
c1ccc2c(c1)sc1ccccc12,-4.38
C1CCCCCC1,-3.51
C#CC(C)N(C)C(=O)Nc1ccc(Cl)cc1,-3.9
COC(C)=O,0.46
CC(=O)OCC(=O)C1CCC2C3CC=C4CC(=O)CCC4(C)C3CCC12C,-4.63
Cc1ccc(O)c(C)c1,-1.19
CC(C)CCCO,-1.14
CC1CC2C3CC=C4CC(=O)C=CC4(C)C3(F)C(O)CC2(C)C1(O)C(=O)CO,-3.59
CCCCOC=O,-1.37
Cc1ccc2c(ccc3ccccc32)c1,-5.84
CCCC(C)C,-3.74
CCCCCCCBr,-4.43
COCCCNc1nc(NC(C)C)nc(SC)n1,-2.928
CC12CCC3C(CCC4CC(=O)CCC43C)C1CCC2O,-4.743
CC(C)c1ccccc1,-3.27
CCCOC(C)=O,-0.72
CCC(C)CO,-0.47
ClC(Br)Br,-1.9
COc1ncc2nccnc2n1,-1.11
Ic1cccc2ccccc12,-4.55
CC12CCc3c(ccc4cc(O)ccc34)C1CCC2=O,-5.24
CCCCOC,-0.99
Cc1c([N+](=O)[O-])cc([N+](=O)[O-])cc1[N+](=O)[O-],-3.22
CC1(C)CON(Cc2ccccc2Cl)C1=O,-2.338
COCC(=O)N(c1c(C)cccc1C)C(C)C(=O)OC,-1.601
O=C1NC(=O)C2(CCC2)C(=O)N1,-1.655
CCCCC(C)O,-0.89
Oc1cc(Cl)ccc1Oc1ccc(Cl)cc1Cl,-4.46
O=C1CCC(N2C(=O)c3ccccc3C2=O)C(=O)N1,-2.676
CCCCCCC,-4.53
CC12CCC(=O)C=C1CCC1C3CCC(O)(C(=O)CO)C3(C)CC(O)C12F,-3.43
CCCCN(CC)c1c([N+](=O)[O-])cc(C(F)(F)F)cc1[N+](=O)[O-],-5.53
CCC1(C(C)C)C(=O)NC(=O)NC1=O,-2.148
CCC(O)CC,-0.24
Clc1ccc(C(c2ccc(Cl)cc2)C(Cl)Cl)cc1,-7.2
CCN1c2ncccc2C(=O)Nc2c(C)cc(C)nc21,-4.553999999999999
C#CC1(OC(C)=O)CCC2C3CC=C4CC(=O)CCC4C3CCC21C,-4.8
CNC(=O)Oc1cccc2c1OC(C)(C)C2,-2.8
c1ccc2c(c1)CCCC2,-4.37
OCCOc1ccccc1,-0.7
CC(C)CCCCCOC(=O)c1ccccc1C(=O)OCCCCCC(C)C,-6.6370000000000005
CC12CCC(=O)C=C1CCC1C2C(O)CC2(C=O)C(C(=O)CO)CCC12,-3.85
Oc1c(Cl)cccc1Cl,-1.79
CC(C)O,0.43
Brc1ccccc1,-2.55
Clc1cc(Cl)c(-c2cccc(Cl)c2Cl)cc1Cl,-7.21
CON(C)C(=O)Nc1ccc(Cl)cc1,-2.57
Cc1ncnc2nccnc12,-0.466
CN(C)C(=O)Nc1ccc(Cl)cc1,-2.89
CCCC=C(C=O)CC,-2.46
C=CC=C,-1.87
CC12CCC(=O)C=C1CCC1C2C(=O)CC2(C)C1CCC2(O)C(=O)CO,-3.11
CCCCC(O)CC,-1.47
CCC1(CC)C(=O)NC(=O)N(C)C1=O,-2.23
ClC1=C(Cl)C(Cl)(C2(Cl)C(Cl)=C(Cl)C(Cl)=C2Cl)C(Cl)=C1Cl,-7.278
CCC#CCC,-1.99
Cc1ccc([N+](=O)[O-])cc1[N+](=O)[O-],-2.82
Nc1ccc(S(N)(=O)=O)cc1,-1.34
C=CCC1(C(C)CCC)C(=O)NC(=O)NC1=O,-2.356
OC(c1ccc(Cl)cc1)(c1ccc(Cl)cc1)C(Cl)(Cl)Cl,-5.666
c1ccc2cc3ccccc3cc2c1,-6.35
CC12CCC3C(CCC4CC(O)CCC43C)C1CCC2=O,-4.16
ClC(Cl)(Cl)Cl,-2.31
Fc1ccc(F)cc1,-1.97
O=[N+]([O-])c1ccccc1Cl,-2.55
CC(=O)Nc1ccc([N+](=O)[O-])cc1,-2.692
CC(N)=O,1.58
Clc1ccc(-c2c(Cl)cccc2Cl)cc1,-6.14
COC(=O)c1cc(O)c(O)c(O)c1,-1.24
O=c1cc[nH]c(=O)[nH]1,-1.4880000000000002
O=[N+]([O-])c1ccccc1O,-1.74
O=[N+]([O-])c1cccc(Cl)c1Cl,-3.48
Clc1cccc(-c2cc(Cl)ccc2Cl)c1,-6.01
COC(=O)Nc1nc2cc(C(=O)c3ccccc3)ccc2[nH]1,-3.88
CCc1cccc2ccccc12,-4.17
C#C,0.29
CC(C)CNC(=O)N1CCNC1=O,-2.15
CCCOCCC,-1.62
Cc1ccccc1,-2.21
C#CCCCCC,-3.01
CCC(C)(C)CC,-4.23
CC1OC(OC2C(O)CC(OC3C(O)CC(OC4CCC5(C)C(CCC6C5CCC5(C)C(C7=CC(=O)OC7)CCC65O)C4)OC3C)OC2C)CC(O)C1O,-5.292999999999999
CC(C)OC=O,-0.63
Clc1c(Cl)c(Cl)c(-c2c(Cl)c(Cl)c(Cl)c(Cl)c2Cl)c(Cl)c1Cl,-11.6
Cc1cc2c3ccccc3ccc2c2ccccc12,-6.57
Clc1ccc(-c2cc(Cl)ccc2Cl)cc1,-6.25
Nc1ccc(-c2ccc(N)cc2)cc1,-2.7
Cc1ccc(O)cc1,-0.73
CCCCCCCCCCCCCCCCO,-7.0
CC1(C)C(C=C(Br)Br)C1C(=O)OC(C#N)c1cccc(Oc2ccccc2)c1,-8.402000000000001
Cc1ccc(O)cc1C,-1.38
CC1CO1,-0.59
Cc1ccccc1C,-2.8
Clc1ccc(Cl)c(-c2ccc(Cl)c(Cl)c2)c1,-7.25
Cc1ccc(C)cc1,-2.77
O=C(NC(=O)c1c(F)cccc1F)Nc1ccc(Cl)cc1,-6.02
COC(=O)c1ccccc1,-1.85
OC1C=CC2C1C1(Cl)C(Cl)=C(Cl)C2(Cl)C1(Cl)Cl,-5.46
O=C1CN=C(c2ccccc2)c2cc([N+](=O)[O-])ccc2N1,-3.796
O=[N+]([O-])c1ccccc1,-1.8
C1CCOCC1,-0.03
CC(=O)SC1C=C2CC(=O)CCC2(C)C2CCC3(C)C(CCC34CCC(=O)O4)C12,-4.173
Cc1cc(C)c2ccccc2c1,-4.29
Fc1ccccc1Br,-2.7
CNC(=O)Oc1cccc(N=CN(C)C)c1,-2.34
CCOP(=S)(OCC)SC(CCl)N1C(=O)c2ccccc2C1=O,-6.34
CCCSCCC,-2.58
CN(C)C(=O)NC1CC2CC1C1CCCC21,-3.1710000000000003
C=CC(C)C,-2.73
CC12CCC(CC1)C(C)(C)O2,-1.64
O=C1CCCN1,1.07
CCN(CC)c1nc(Cl)nc(N(CC)CC)n1,-4.4110000000000005
CCc1ccccc1C,-3.21
C=CCC1(C(C)C)C(=O)NC(=O)NC1=O,-1.7080000000000002
Clc1cc(Cl)c(Cl)c(Cl)c1Cl,-5.65
CC(C)(C)C(=O)C(Oc1ccc(Cl)cc1)n1cncn1,-3.61
CCCCCC(=O)OCN1C(=O)NC(c2ccccc2)(c2ccccc2)C1=O,-5.886
CN(C(=O)COc1nc2ccccc2s1)c1ccccc1,-4.873
CCCc1ccccc1,-3.37
CC(C)C,-2.55
CC1COC2CC3(C)C(CC4C5C=C6CC(O)CCC6(C)CC5CCC43C)OC2C1,-7.32
OCC(O)C(O)CO,0.7
CON(C)C(=O)Nc1ccc(Br)c(Cl)c1,-3.924
C=CCCCC,-3.23
CCCC(C)(C)C,-4.36
CCOP(=S)(OCC)Oc1nc(Cl)c(Cl)cc1Cl,-5.67
CCOC(=O)c1ccc(N)cc1,-2.616
O=C(Nc1ccc([N+](=O)[O-])cc1Cl)c1cc(Cl)ccc1O,-4.7
C=CCCCCCCC,-5.05
C=C(C)C(=C)C,-2.4
C1=CCCCC1,-2.59
CCOP(=O)(OCC)OCC,0.43
O=C1NC(=O)C2(CCCCC2)C(=O)N1,-3.06
O=C(c1ccccc1)C(O)c1ccccc1,-2.85
Brc1cc(Br)c(Br)cc1Br,-6.98
CCNc1nc(NC(C)C)nc(OC)n1,-2.084
COc1cnc2cncnc2n1,-0.91
OC1CCCCCC1,-0.88
C1=CCCC1,-2.1
O=[N+]([O-])c1ccc(Cl)c(Cl)c1,-3.2
O=C(c1ccccc1)c1ccccc1,-3.12
Cc1ccc(C(C)C)cc1O,-2.08
Cc1cc([N+](=O)[O-])cc([N+](=O)[O-])c1O,-1.456
CCN(CC)c1nc(Cl)nc(NC(C)C)n1,-3.785
CCSC(=O)N(CC(C)C)CC(C)C,-3.68
Cc1ccc(C(C)C)c(O)c1,-2.22
CCCCCCCCCO,-3.01
C=C(C)CN(CC)c1c([N+](=O)[O-])cc(C(F)(F)F)cc1[N+](=O)[O-],-6.124
CCC(C=O)CC,-1.52
CCN1c2ncccc2C(=S)N(C)c2cccnc21,-4.634
CC12CCC(=O)C=C1CCC1C2CCC2(C)C(O)CCC12,-4.02
CCOC(=O)c1ccccc1S(=O)(=O)NN(C=O)c1nc(Cl)cc(OC)n1,-4.5760000000000005
CN1C(=O)CN=C(c2ccccc2)c2cc([N+](=O)[O-])ccc21,-3.796
CCC(C)CCO,-0.71
C=Cc1ccccc1,-2.82
CCc1ccccc1CC,-3.28
CCC(C)(O)CC,-0.36
O=C(Nc1ccccc1)c1ccccc1O,-3.59
CCNP(=S)(OC)OC(C)=CC(=O)OC(C)C,-3.408
Clc1ccc(-c2c(Cl)c(Cl)c(Cl)c(Cl)c2Cl)c(Cl)c1,-7.92
CC(C)C(Nc1ccc(C(F)(F)F)cc1Cl)C(=O)OC(C#N)c1cccc(Oc2ccccc2)c1,-8.003
Clc1ccc(Cl)c(-c2c(Cl)c(Cl)c(Cl)c(Cl)c2Cl)c1,-8.94
CCC(c1ccc(O)cc1)C(CC)c1ccc(O)cc1,-4.43
COP(=S)(OC)Oc1ccc(SC)c(C)c1,-4.57
CCOC(=O)C=Cc1ccccc1,-3.0
N#CN=C(N)N,-0.31
COP(=S)(OC)SCC(=O)N(C)C=O,-1.995
Clc1ccccc1Br,-3.19
CCCC(=O)OCN1C(=O)NC(c2ccccc2)(c2ccccc2)C1=O,-5.071000000000001
CCCCc1c(C)[nH]c(N(C)C)nc1=O,-2.24
CCCCCCCCCC(=O)OC,-4.69
CN(C)c1ccccc1,-1.92
CCC(C)=O,0.52
CCOC=O,0.15
CCSCc1ccccc1OC(=O)NC,-2.09
CCCCCBr,-3.08
Clc1cc(Cl)c(-c2c(Cl)cccc2Cl)c(Cl)c1,-7.32
ClC(Cl)=C(c1ccc(Cl)cc1)c1ccc(Cl)cc1,-6.9
c1ccc2[nH]ncc2c1,-2.16
C=C(C)C,-2.33
OC1COC(O)C(O)C1O,0.39
CC1=C(C(=O)Nc2ccccc2)SCCO1,-3.14
c1ccc2nc3ccccc3cc2c1,-3.67
CC(=O)Nc1ccccc1,-1.33
Oc1c(Cl)cc(Cl)c(Cl)c1Cl,-3.1
c1ccc(CCc2ccccc2)cc1,-4.62
Oc1ccccc1O,0.62
CCCCCC(C)O,-1.55
C=CCc1ccc(OC)cc1,-2.92
Nc1ccc(O)cc1,-0.8
CC(C)=CCC1(C(C)C)C(=O)NC(=O)NC1=O,-2.593
CCN1c2ncccc2C(=O)Nc2c(C(F)(F)F)cc(C)nc21,-4.207
c1ccc2scnc2c1,-1.5
Clc1ccccc1Cl,-3.05
c1ccc2c(c1)cnc1ccccc12,-2.78
CCCI,-2.29
CCCCCCCl,-3.12
CCC1(c2ccccc2)C(=O)NC(=O)NC1=O,-2.322
ICI,-2.34
ClC=C(Cl)Cl,-1.96
ClC(Cl)Cl,-1.17
COc1ccccc1O,-1.96
NS(=O)(=O)c1cc2c(cc1Cl)NCNS2(=O)=O,-2.63
O=c1[nH]cc(O)[nH]1,-0.4
Clc1cccc(Cl)c1-c1ccccc1,-5.21
c1ccc2c3c(ccc2c1)-c1cccc2cccc-3c12,-8.0
CCCCCCCC,-5.24
c1ccc2cc3c(cc2c1)-c1cccc2cccc-3c12,-8.49
ClC1C(Cl)C(Cl)C(Cl)C(Cl)C1Cl,-4.64
CCOP(=S)(OCC)Oc1nc(Cl)n(C(C)C)n1,-3.658
O=C1c2ccccc2C(=O)c2ccccc21,-5.19
Clc1ccc(-c2ccc(Cl)cc2)cc1,-6.56
Cc1cccc(C)c1O,-1.29
NC(N)=S,0.32
Oc1cc(Cl)c(Cl)c(Cl)c1Cl,-3.15
Nc1cccc(Cl)c1,-1.37
CC12CCC3c4ccc(O)cc4CCC3C1CCC2=O,-3.955
Cc1ccnc2c1NC(=O)c1cccnc1N2C1CC1,-3.19
CC1(C)C(=O)NC(=O)NC1=O,-1.742
CN(C)C(=O)Nc1cccc(C(F)(F)F)c1,-3.43
NC(=O)CCl,-0.02
COC(=O)C1=C(C)N=C(C)C(C(=O)OC)C1c1ccccc1[N+](=O)[O-],-4.76
C/C=C/C=O,0.32
C=CCSS(=O)CC=C,-0.83
CCC1NC(=O)c2cc(S(N)(=O)=O)c(Cl)cc2N1,-3.29
O=C1NC(=O)C(c2ccccc2)(c2ccccc2)N1,-4.097
Nc1ccccc1Cl,-1.52
Cc1nnc2n1-c1ccc(Cl)cc1C(c1ccccc1Cl)=NC2,-4.09
O=c1[nH]c2cc(Cl)ccc2o1,-2.8310000000000004
COc1ccccc1O,-1.96
Clc1cccc(I)c1,-3.55
CC(C)(C)Cc1ccccc1,-4.15
CCOP(=S)(OCC)SCSCC,-4.11
CC(C)Cc1ccccc1,-4.12
CCOP(=S)(OCC)Oc1cc(C)nc(C(C)C)n1,-3.64
CCC(C)c1cc([N+](=O)[O-])cc([N+](=O)[O-])c1O,-3.38
O=c1nc2nccnc2c[nH]1,-1.947
CCN(CC)C(=O)C(Cl)=CCOP(=O)(OC)OC,0.523
CC(C)OC(C)C,-1.1
c1ccc2c(c1)ccc1ccccc12,-5.26
O=Cc1ccccc1,-1.19
CNC(=O)Oc1ccccc1OC(C)C,-2.05
CCN1c2ccccc2C(=O)N(C)c2ccccc21,-4.749
C=C(Cl)Cl,-1.64
CCOC(=O)CC(=O)OCC,-0.82
COc1cnc2ncncc2n1,-1.139
COC(C)(C)CCCC(C)C=CC=C(C)CC(=O)OC(C)C,-5.19
CN(C)C(=O)Nc1cccc(OC(=O)NC(C)(C)C)c1,-2.93
CN(C)C(=O)Nc1ccc(-n2nc(C(C)(C)C)oc2=O)c(Cl)c1,-4.328
CCCCCCOC(=O)c1ccccc1C(=O)OCCCCCC,-6.144
CC=C(C)C,-2.56
CC1(C)C(C=C(Cl)Cl)C1C(=O)OC(C#N)c1ccc(F)c(Oc2ccccc2)c1,-7.337000000000001
Clc1cc(Cl)cc(Cl)c1,-4.48
Cc1ccccc1Cl,-3.52
Cc1ccc(N=CN(C)C=Nc2ccc(C)cc2C)c(C)c1,-5.47
CCS,-0.6
Oc1c2c(c(O)n1SC(Cl)(Cl)C(Cl)Cl)CC=CC2,-5.4
C#CC1(O)CCC2C3CCc4cc(O)ccc4C3CCC21C,-4.3
CCOC(=O)CC(SP(=S)(OC)OC)C(=O)OCC,-3.37
O=C(Nc1ccccc1)Nc1ccccc1,-3.15
CC(=O)CC(c1ccccc1)c1c(O)c2ccccc2oc1=O,-3.893
CCCCCC(C)=O,-1.45
CCN(CC)c1ccccc1,-3.03
CCCCCCCC(C)=O,-2.58
Cc1c(N(C)C)c(=O)n(-c2ccccc2)n1C,-0.364
CCCC(C)C1(CC)C(=O)NC(=S)NC1=O,-3.36
CC1CCC(C)CC1,-4.47
CSc1nc(NC(C)C)nc(NC(C)C)n1,-4.1
Cc1cccc2c(C)cccc12,-4.678999999999999
COc1ccccc1[N+](=O)[O-],-1.96
CC(=O)C1(O)CCC2C3CC(C)=C4CC(=O)C=CC4(C)C3(F)C(O)CC21C,-4.099
Oc1cc(Cl)c(Cl)cc1Cl,-2.21
CCCCNC(=O)n1c(NC(=O)OC)nc2ccccc21,-4.883
COP(=S)(OC)SCC(=O)N(c1ccc(Cl)cc1)C(C)C,-4.432
Cc1ccc(C)c2ccccc12,-4.14
Cc1ccc2cc(C)ccc2c1,-4.89
Clc1ccc(Cl)c(-c2cc(Cl)c(Cl)c(Cl)c2Cl)c1,-7.68
CCCc1c(O)n2c(N(C)C)nc3ccc(C)cc3n2c1=O,-3.5380000000000003
CCOP(=S)(OCC)SCSP(=S)(OCC)OCC,-5.54
Oc1ccc(Cl)cc1Cl,-1.55
CC=CC=O,0.32
CC(=O)CCc1c(O)n(-c2ccccc2)n(-c2ccccc2)c1=O,-3.27
CCCCC(=O)OCN1C(=O)NC(c2ccccc2)(c2ccccc2)C1=O,-4.678
Clc1cccc(Cl)c1Cl,-4.0
Clc1cccc(-c2cccc(Cl)c2Cl)c1Cl,-7.28
FC(F)(F)c1ccccc1,-2.51
CC1OC(OC2C(O)CC(OC3C(O)CC(OC4CCC5(C)C(CCC6C5CC(O)C5(C)C(C7=CC(=O)OC7)CCC65O)C4)OC3C)OC2C)CC(O)C1O,-4.081
CCN1c2ncccc2C(=O)N(C)c2cccnc21,-2.62
CC1(C)C(C(=O)OC(C#N)c2cccc(Oc3ccccc3)c2)C1(C)C,-6.025
Nc1ccc(Cl)cc1,-1.66
CN(C)C(=O)Nc1ccc(Cl)c(Cl)c1,-3.8
CC(=O)OC(C)C,-0.55
Cc1c2ccccc2cc2ccccc12,-5.89
CCOc1ccc(NC(C)=O)cc1,-2.35
CCN1c2nc(N(C)CCO)ccc2NC(=O)c2cccnc21,-3.36
Cn1c(=O)c2c(ncn2CC(O)CO)n(C)c1=O,-0.17
Cc1cc2ccccc2c2ccc3ccccc3c12,-6.59
CCC(C)(C)Cl,-2.51
CC1=CC(=O)c2ccccc2C1=O,-3.03
Oc1c(Cl)ccc(Cl)c1Cl,-2.64
CCOc1ccc(C(C)(C)COCc2cccc(Oc3ccccc3)c2)cc1,-8.6
c1ccc2c(c1)c1cccc3ccc4cccc2c4c31,-7.8
COc1ccc(Cl)cc1,-2.78
CCCCCCCCCCCCCCO,-5.84
Fc1cccc(F)c1,-2.0
CCNc1nc(NC(C)(C)C)nc(OC)n1,-3.239
Brc1ccc2ccccc2c1,-4.4
C#CCCCCCC,-3.66
C=COCC,-0.85
COP(=O)(OC)C(O)C(Cl)(Cl)Cl,-0.22
N#CC(OC1OC(COC2OC(CO)C(O)C(O)C2O)C(O)C(O)C1O)c1ccccc1,-0.77
CCN(CC)c1c([N+](=O)[O-])cc(C(F)(F)F)c(N)c1[N+](=O)[O-],-5.47
CCCCCCCCCCCCCCCCCCO,-8.4
O=Cc1ccc2c(c1)OCO2,-1.63
c1cc2ccc3ccc4ccc5cccc6c(c1)c2c3c4c56,-9.018
Cc1ccccc1O,-0.62
CN(C)C(=O)Nc1ccccc1,-1.6
CC(C)CCO,-0.51
C1CCOC1,0.49
CCCCCCCO,-1.81
CCC(C)(C)O,0.15
CCC(C)C1(CC)C(=O)NC(=O)NC1=O,-2.39
BrC(Br)(Br)Br,-3.14
Nc1[nH]c(=O)nc2[nH]cnc12,-3.401
CCCCCCCCCCCCCCCO,-6.35
CCCCCCCI,-4.81
CCCC(=O)CC,-0.83
CCN1C(=O)c2ccccc2Oc2ccccc21,-3.68
CC(=O)C(C)C,-0.12
CN(C)C(=S)SSC(=S)N(C)C,-3.9
Cc1cc(C)cc(O)c1,-1.4
Oc1[nH]c(O)c2ccccc12,-2.932
CCNc1nc(Cl)nc(NC(C)C)n1,-3.85
C=CCC1(C)C(=O)NC(=O)NC1=O,-1.16
Nc1cc[nH]c(=O)n1,-1.155
CCOc1ccc(NC(N)=O)cc1,-2.17
CCC#N,0.28
c1cc2c3c(cccc3c1)CC2,-4.63
CC(C)(C)c1ccccc1,-3.66
c1ccc2ncccc2c1,-1.3
CNC(=O)Oc1ccccc1C(C)C,-2.863
O=C1N=C(c2ccccc2Cl)c2cc(Cl)ccc2NC1O,-3.604
Cc1c[nH]c(=O)[nH]c1=O,-1.506
COP(=O)(OC)OC(Br)C(Cl)(Cl)Br,-2.28
N#Cc1cc(Br)c(O)c(Br)c1,-3.33
Cc1ncc([N+](=O)[O-])n1CCO,-1.22
CCCOC(=O)CC,-0.82
CCN1c2ncccc2C(=O)N(C)c2ccc(Cl)nc21,-4.114
Oc1cc(Cl)cc(Cl)c1,-1.34
CCCCCCC(C)O,-2.09
OCC1OC(O)C(O)C(O)C1O,0.74
CCc1cccc(C)c1N(C(=O)CCl)C(C)COC,-2.73
CC(C)=CCC/C(C)=C\CO,-2.46
CN(C(=O)NC(C)(C)c1ccccc1)c1ccccc1,-3.35
CC12CCC(=O)C=C1CCC1C2C(O)CC2(C)C1CCC2(O)C(=O)CO,-3.09
Clc1ccc(C(c2ccccc2Cl)C(Cl)Cl)cc1,-6.51
OCC(O)C1OC2OC(C(Cl)(Cl)Cl)OC2C1O,-1.84
CCOC(=O)c1ccccc1C(=O)OCC,-2.35
Nc1nc[nH]n1,0.522
COC(=O)Nc1cccc(OC(=O)Nc2cccc(C)c2)c1,-4.805
Cc1ccccc1N,-2.21
CCCCCCCCl,-4.0
CCN(CC)C(=S)SSC(=S)N(CC)CC,-4.86
Brc1ccc(Br)cc1,-4.07
C#CCCC,-1.64
c1ccc2nc(-c3ccc4ccccc4n3)ccc2c1,-5.4
O=C1c2ccccc2Cc2ccccc2N1CCF,-4.799
Cc1ccccc1N1C(=O)c2cc(S(N)(=O)=O)c(Cl)cc2NC1C,-3.78
Nc1[nH]c(=O)ncc1F,-0.972
Oc1ccc2ncccc2c1,-2.16
C=C(C)CC,-2.73
CC(C)Cl,-1.41
CC(C)(C)c1ccc(O)cc1,-2.41
CCC1(C2=CCCCC2)C(=O)NC(=O)NC1=O,-2.17
Cn1cc(-c2ccccc2)c(=O)c(-c2cccc(C(F)(F)F)c2)c1,-4.445
Brc1cccc2ccccc12,-4.35
CCCCOC(=O)c1ccc(N)cc1,-3.082
O=C1OC(c2ccc(O)cc2)(c2ccc(O)cc2)c2ccccc21,-2.9
Nc1cccc2ccccc12,-1.92
c1cc2ccc3ccc4ccc5ccc6ccc1c1c2c3c4c5c61,-9.332
CCC(C)C(=O)OC1CC(C)C=C2C=CC(C)C(CCC3CC(O)CC(=O)O3)C21,-6.005
Cc1cc(Cl)ccc1N=CN(C)C,-2.86
Cc1cccc2sc3nncn3c12,-2.07
Clc1ccc(-c2cc(Cl)c(Cl)c(Cl)c2Cl)c(Cl)c1,-7.39
ClCCCl,-1.06
CCCN(CCC)c1c([N+](=O)[O-])cc(C(F)(F)F)cc1[N+](=O)[O-],-5.68
C#CC1(O)CCC2C3CC=C4CC(=O)CCC4(C)C3CCC21C,-5.66
CCCC(=O)OC,-1.92
CCOP(=S)(OCC)Oc1ccc2oc(=O)c(Cl)c(C)c2c1,-5.382000000000001
CCCOC(C)C,-1.34
Nc1ccc([N+](=O)[O-])cc1,-2.37
Cc1ccc2c(ccc3c4c5c(cccc5cc32)CC4)c1,-7.92
CCCCCOC(=O)CC,-1.28
c1ccc(N=Nc2ccccc2)cc1,-4.45
CC1CCCC1,-3.3
CNC(=O)Oc1cc(C(C)(C)C)cc(C(C)(C)C)c1,-4.24
CCOP(=S)(OCC)SCSC(C)(C)C,-4.755
CC(C)OC(=O)C(O)(c1ccc(Br)cc1)c1ccc(Br)cc1,-4.93
C=CC,-1.08
CC=C(C(=CC)c1ccc(O)cc1)c1ccc(O)cc1,-4.95
C1CCCC1,-2.64
CC12CCC3c4ccc(O)cc4CCC3C1CCC2O,-5.03
Cc1c[nH]c2ccccc12,-2.42
OCc1ccccc1OC1OC(CO)C(O)C(O)C1O,-0.85
Oc1ccc(Cl)c(Cl)c1Cl,-2.67
O=[N+]([O-])c1cccc(O)c1,-1.01
C=CCCCO,-0.15
Cc1cc(C)c(C)c(C)c1C,-4.0
CCN1C(=O)c2cccnc2N(CC)c2ncccc21,-2.86
CC(C)Br,-1.59
CC(C)NC(=O)n1cc(O)n(-c2cc(Cl)cc(Cl)c2)c1=O,-4.376
CCC(=O)OCN1C(=O)NC(c2ccccc2)(c2ccccc2)C1=O,-4.907
CC(=O)Nc1ccc(Br)cc1,-3.083
