smiles,target
Cc1cc(C)cc(O)c1,-1.4
CCCOC,-0.39
Brc1ccc2ccccc2c1,-4.4
CSc1nc(N(C)C)nc(N(C)C)n1,-2.676
c1ccc2c3c(ccc2c1)-c1cccc2cccc-3c12,-8.0
CCOP(=S)(CC)Oc1cc(Cl)c(Cl)cc1Cl,-5.752000000000001
CC1=C(C(=O)Nc2ccccc2)CCCO1,-2.56
Clc1cccc(Cl)c1-c1c(Cl)cccc1Cl,-7.39
Nc1ccc(-c2ccc(N)cc2)cc1,-2.7
COP(=S)(OC)Oc1ccc(Sc2ccc(OP(=S)(OC)OC)cc2)cc1,-6.237
CC(=O)OC1CCC2C3CC=C4CC(=O)CCC4(C)C3CCC12C,-5.184
CCOP(=S)(OCC)N1C(=O)c2ccccc2C1=O,-3.35
N=C(N)NS(=O)(=O)c1ccc(N)cc1,-1.99
CCCC(O)CCC,-1.4
CCCN(CCC)c1c([N+](=O)[O-])cc(S(N)(=O)=O)cc1[N+](=O)[O-],-5.16
C=Cc1ccccc1,-2.82
CC(C)(C)CO,-0.4
COc1cc2c(N)nc(N3CCN(C(=O)OCC(C)(C)O)CC3)nc2c(OC)c1OC,-3.638
Clc1ccc(Cl)c(-c2cc(Cl)c(Cl)c(Cl)c2Cl)c1,-7.68
Ic1cccc2ccccc12,-4.55
C=CCC1(C(C)CC)C(=O)NC(=O)NC1=O,-2.016
CCCC(=O)CCC,-1.3
C1CCCCCC1,-3.51
OC1CCCCCCC1,-1.29
CC(C)=CCCC(C)=CC=O,-2.06
Clc1cc(Cl)c(-c2c(Cl)cccc2Cl)c(Cl)c1,-7.32
CN(C)C(=O)NC1CC2CC1C1CCCC21,-3.1710000000000003
CCNc1nc(Cl)nc(NC(C)(C)C#N)n1,-3.15
O=C(CC(Cl)Cl)N=C1C(=O)c2ccccc2C(=O)C1Cl,-5.03
CCOP(=S)(OCC)SC(CCl)N1C(=O)c2ccccc2C1=O,-6.34
CCCCCC(=O)OC,-1.87
Clc1ccc(-c2ccc(Cl)cc2)cc1,-6.56
CCNc1nc(NC(C)C)nc(SC)n1,-3.04
ClCCBr,-1.32
Cc1cccc([N+](=O)[O-])c1,-2.44
Nc1ccccc1,-0.41
COP(=S)(OC)Oc1ccc([N+](=O)[O-])c(C)c1,-4.04
Clc1ccc(Cl)c(-c2c(Cl)c(Cl)cc(Cl)c2Cl)c1,-7.42
CCC(C)C(=O)OC1CC(C)C=C2C=CC(C)C(CCC3CC(O)CC(=O)O3)C21,-6.005
CCCc1c(O)n2c(N(C)C)nc3ccc(C)cc3n2c1=O,-3.5380000000000003
CCOC(=O)c1ccccc1,-2.32
CC(=O)SC1C=C2CC(=O)CCC2(C)C2CCC3(C)C(CCC34CCC(=O)O4)C12,-4.173
c1ccc2[nH]nnc2c1,-0.78
c1ccc2ccccc2c1,-3.6
CCCCCCCO,-1.81
CCCCCCCl,-3.12
Nc1cnn(-c2ccccc2)c(=O)c1Br,-3.127
O=[N+]([O-])c1ccccc1O,-1.74
Cc1ccccc1O,-0.62
CCN1c2cc(N(C)C)cc(C)c2NC(=O)c2cccnc21,-4.871
CC12CCC(CC1)C(C)(C)O2,-1.64
C=C(C)CCC,-3.03
O=C1NC(=O)C(=O)N1,-0.4
O=[N+]([O-])c1ccc(Cl)c(Cl)c1,-3.2
CC12CCC(CC1=O)C2(C)C,-1.96
c1cc2ccc3cccc4ccc(c1)c2c34,-6.176
O=C(OCC(O)CO)c1ccccc1Nc1ccnc2cc(Cl)ccc12,-4.571000000000001
CC(Cl)CCl,-1.6
O=C1N=C(c2ccccc2)c2cc(Cl)ccc2NC1O,-3.952
C1CCCC1,-2.64
O=C1CCC(N2C(=O)c3ccccc3C2=O)C(=O)N1,-2.676
CCC1(c2ccccc2)C(=O)NC(=O)NC1=O,-2.322
CN(C)C(=O)Nc1cccc(OC(=O)NC(C)(C)C)c1,-2.93
CCCOC(=O)c1ccc(N)cc1,-2.452
CN(C)c1ccccc1,-1.92
CN(C)C(=O)C(c1ccccc1)c1ccccc1,-2.98
COc1ccc(C=O)cc1,-1.49
C=CCc1ccc(OC)cc1,-2.92
OCCOc1ccccc1,-0.7
CCCCCc1ccccc1,-4.64
Clc1cc(Cl)c(Cl)c(-c2c(Cl)c(Cl)cc(Cl)c2Cl)c1Cl,-9.15
CCOP(=S)(OCC)SCn1c(=O)oc2cc(Cl)ccc21,-5.233
c1ccc2c(c1)-c1cccc3cccc-2c13,-6.0
C1CCCCCCC1,-4.15
COP(=O)(OC)OC(=CCl)c1cc(Cl)c(Cl)cc1Cl,-4.522
C#CCCCCC,-3.01
NC(=O)c1ccccc1O,-1.82
Cn1ccc(=O)[nH]c1=O,-0.807
NC(=O)Nc1[nH]c(=O)[nH]c1O,-1.6
CCc1cccc(CC)c1N(COC)C(=O)CCl,-3.26
Cc1ccccc1-n1c(C)nc2ccccc2c1=O,-2.925
Clc1ccc(-c2ccc(Cl)c(Cl)c2Cl)c(Cl)c1Cl,-8.01
CCCCCCCCC(=O)OC,-3.38
N#Cc1cc(I)c(O)c(I)c1,-3.61
Oc1csc(=S)[nH]1,-1.77
O=[N+]([O-])OCC(CO[N+](=O)[O-])O[N+](=O)[O-],-2.22
CCNc1nc(NC(C)(C)C)nc(SC)n1,-4.0
COC(=O)c1ccccc1,-1.85
CCC(=O)OC,-0.14
ClC1=C(Cl)C2(Cl)C3C(Cl)C(Cl)CC3C1(Cl)C2(Cl)Cl,-6.86
COc1ccc(C(c2ccc(OC)cc2)C(Cl)(Cl)Cl)cc1,-6.89
OC1CCCCCC1,-0.88
CCOCCOCC,-0.77
CC(=O)CC(c1ccc(Cl)cc1)c1c(O)c2ccccc2oc1=O,-5.839
Clc1ccc(-c2cc(Cl)ccc2Cl)cc1,-6.25
O=C1NC(=O)C2(CC2)C(=O)N1,-1.886
Cc1ccc2cc(C)ccc2c1,-4.89
CC(=O)OCC(=O)C1(O)CCC2C3CC=C4CC(=O)C=CC4(C)C3C(O)CC21C,-4.37
Cc1ccc(C(C)C)c(O)c1,-2.22
Oc1ccc(Cl)c(Cl)c1Cl,-2.67
Oc1cc(Cl)c(Cl)c(Cl)c1Cl,-3.15
ClC1(Cl)C2(Cl)C3(Cl)C4(Cl)C(Cl)(Cl)C5(Cl)C3(Cl)C1(Cl)C5(Cl)C24Cl,-6.8
CCCCCCCC(=O)OC,-3.17
CC(C)=CCC/C(C)=C\CO,-2.46
Cc1nnc2n1-c1ccc(Cl)cc1C(c1ccccc1Cl)=NC2,-4.09
ClC(Cl)(Cl)Cl,-2.31
COc1ccc(NC(=O)N(C)C)cc1Cl,-2.564
Cc1ccc2cc3ccccc3cc2c1,-6.96
CCOC(=O)CC(SP(=S)(OC)OC)C(=O)OCC,-3.37
CCOC(=O)CC,-0.66
OC1C=CC2C1C1(Cl)C(Cl)=C(Cl)C2(Cl)C1(Cl)Cl,-5.46
CCCCCCBr,-3.81
Oc1cccc(Cl)c1,-0.7
Cc1c(C)c(C)c(C)c(C)c1C,-5.23
FC(F)(Cl)C(F)(Cl)Cl,-3.04
Oc1c(C2=CCC(c3ccc(Cl)cc3)CC2)c(O)c2ccccc2c1O,-5.931
CN(C(=O)COc1nc2ccccc2s1)c1ccccc1,-4.873
Cc1cc2ccccc2c2ccc3ccccc3c12,-6.59
c1ccc(N=Nc2ccccc2)cc1,-4.45
CCN(CC)C(=S)SSC(=S)N(CC)CC,-4.86
CC(=O)OC1(C(C)=O)CCC2C3=CC(C)=C4CC(=O)CCC4(C)C3CCC21C,-5.35
O=C(c1ccccc1)c1ccccc1,-3.12
CC1CCC(C)CC1,-4.47
Cc1cc(Cl)ccc1N=CN(C)C,-2.86
Cc1ccc([N+](=O)[O-])cc1[N+](=O)[O-],-2.82
CCNc1nc(Cl)nc(NC(C)C)n1,-3.85
CCN(CC)c1ccccc1,-3.03
Cn1cc(-c2ccccc2)c(=O)c(-c2cccc(C(F)(F)F)c2)c1,-4.445
CCOP(=S)(NC(C)C)Oc1ccccc1C(=O)OC(C)C,-4.194
CCCCCC(=O)OCC,-2.35
O=C1NC(=O)C2(CCCCCCC2)C(=O)N1,-2.982
ClC(Cl)C(Cl)(Cl)Cl,-2.6
Oc1ccccc1O,0.62
Clc1ccc(-c2c(Cl)c(Cl)c(Cl)c(Cl)c2Cl)c(Cl)c1,-7.92
CC1CCCCC1C,-4.3
O=[N+]([O-])c1ccc(Oc2ccc(Cl)cc2Cl)cc1,-5.46
Cc1cc(C)c2ccccc2c1,-4.29
Clc1ccc(Br)cc1,-3.63
C=C(Cl)Cl,-1.64
C=CC,-1.08
Cc1c2ccccc2c(C)c2c1ccc1ccccc12,-7.02
CCNP(=S)(OC)OC(C)=CC(=O)OC(C)C,-3.408
COP(=O)(OC)C(O)C(Cl)(Cl)Cl,-0.22
Cc1ncc([N+](=O)[O-])n1CCO,-1.26
CCC1(C)C(=O)NC(=O)NC1=O,-1.228
c1cncnc1,1.1
Clc1cccc(-c2cc(Cl)ccc2Cl)c1,-6.01
CCc1ccccc1CC,-3.28
ClC1=C(Cl)C(Cl)(C2(Cl)C(Cl)=C(Cl)C(Cl)=C2Cl)C(Cl)=C1Cl,-7.278
NC(N)=S,0.32
CC(=O)C1(O)CCC2C3CC(C)=C4CC(=O)C=CC4(C)C3(F)C(O)CC21C,-4.099
CC1CCCO1,0.11
CC(C)Cc1ccccc1,-4.12
Nc1[nH]c(=O)ncc1F,-0.972
CCC(C)C(C)=O,-0.67
CC1(C)CON(Cc2ccccc2Cl)C1=O,-2.338
C#CC1(O)CCC2C3CCC4=Cc5oncc5CC4(C)C3CCC21C,-5.507000000000001
CC(C)O,0.43
CC(N)=O,1.58
c1ccc2scnc2c1,-1.5
CC12CCC(=O)C=C1CCC1C2CCC2(C)C1CCC2(C)O,-3.999
C=CC(O)CCC,-0.59
Oc1cccc2ccccc12,-2.22
CCc1cccc2ccccc12,-4.17
Clc1ccc(Cl)c(-c2ccc(Cl)c(Cl)c2)c1,-7.25
C1CCOCC1,-0.03
Oc1c(Cl)cccc1Cl,-1.79
COC(C)(C)C,-0.24
CN1C(=O)c2cccnc2Oc2ccccc21,-3.672
C=C(C)C,-2.33
CC12C=CC(=O)C=C1CCC1C3CC(O)C(O)(C(=O)CO)C3(C)CC(O)C12F,-3.68
Cc1ccccc1[N+](=O)[O-],-2.33
CCCCC(O)CC,-1.47
CC(=O)OCC(=O)C1(O)C(OC(C)=O)CC2C3CC=C4CC(=O)C=CC4(C)C3(F)C(O)CC21C,-4.13
CC12CC(=O)C3C(CC=C4CC(=O)CCC43C)C1CCC2=O,-3.48
CC(=O)C(C)(C)C,-0.72
Nc1ccccc1Cl,-1.52
O=c1nc2nccnc2c[nH]1,-1.947
Oc1cc(Cl)cc(Cl)c1,-1.34
S=c1[nH]c2ccccc2s1,-3.18
O=C1OC(c2ccc(O)cc2)(c2ccc(O)cc2)c2ccccc21,-2.9
CCCCCCc1ccccc1,-5.21
CC=C(C)C,-2.56
c1ccc2c(c1)Cc1ccccc1-2,-5.0
CCN1c2ncccc2C(=O)N(C)c2cccnc21,-2.62
C=C(Cl)CSC(=S)N(CC)CC,-3.39
CCC1(CC)C(=O)NC(=O)NC1=O,-2.4
CCC,-1.94
C=C(C)C1Cc2c(ccc3c2OC2COc4cc(OC)c(OC)cc4C2C3=O)O1,-4.42
CC1CCCCC1,-3.85
CC(=O)CC(c1ccccc1)c1c(O)c2ccccc2oc1=O,-3.893
C#CCCCC,-2.36
CCCCCC(C)=O,-1.45
CN1CC(O)N(c2nnc(C(C)(C)C)s2)C1=O,-1.877
Cc1ncnc2nccnc12,-0.466
Oc1c2ccccc2cc2ccccc12,-4.73
O=[N+]([O-])c1cccc(Cl)c1,-2.77
CCCCC(C)=O,-0.8
CC(C)=CC1C(C(=O)OCc2cccc(Oc3ccccc3)c2)C1(C)C,-5.24
c1cc2ccc3ccc4ccc5ccc6ccc1c1c2c3c4c5c61,-9.332
O=c1cccc[nH]1,1.02
Oc1ccc(Cl)cc1,-0.7
N#CN=C(N)N,-0.31
CCCC(C)(C)C,-4.36
CN1C(=O)CN=C(c2ccccc2)c2cc([N+](=O)[O-])ccc21,-3.796
CCN(Cc1c(F)cccc1Cl)c1c([N+](=O)[O-])cc(C(F)(F)F)cc1[N+](=O)[O-],-6.78
Cc1cccc(C)c1,-2.82
Oc1c(Cl)cc(Cl)cc1Cl,-2.34
CCC(=O)OCN1C(=O)NC(c2ccccc2)(c2ccccc2)C1=O,-4.907
C=CC(=C)C,-2.03
NC(=O)c1cccnc1,0.61
CC12CCC3C(CCC4CC5SC5CC43C)C1CCC2O,-5.41
CC12CC1(C)C(=O)N(c1cc(Cl)cc(Cl)c1)C2=O,-4.8
CCNC(=O)C(C)OC(=O)Nc1ccccc1,-1.83
CCC(C)C1(CC)C(=O)NC(=O)NC1=O,-2.39
CC(=O)Nc1cc(NS(=O)(=O)C(F)(F)F)c(C)cc1C,-3.24
CCSC(=O)N(CC(C)C)CC(C)C,-3.68
c1ccc2c(c1)CCC2,-3.04
Oc1cc2c(cc1O)=C1c3ccc(O)c(O)c3OCC1(O)C=2,-2.7
CC=CC=O,0.32
CCOC(=O)CCN(SN(C)C(=O)Oc1cccc2c1OC(C)(C)C2)C(C)C,-4.71
FC(F)(F)C(Cl)Br,-1.71
CC12CCC3c4ccc(O)cc4CCC3C1CCC2O,-5.03
Fc1cccc(F)c1,-2.0
CCCOC(C)=O,-0.72
CC1CC2C3CC(F)C4=CC(=O)C=CC4(C)C3(F)C(O)CC2(C)C1(O)C(=O)CO,-5.613
CON(C)C(=O)Nc1ccc(Br)c(Cl)c1,-3.924
C=CCC,-1.94
CNC(=O)Oc1cccc(N=CN(C)C)c1,-2.34
Cc1c([N+](=O)[O-])cc([N+](=O)[O-])cc1[N+](=O)[O-],-3.22
BrCBr,-1.17
CCC1CCCCC1,-4.25
CCCCCCC(=O)OCC,-2.74
Oc1cc(Cl)ccc1Oc1ccc(Cl)cc1Cl,-4.46
CCCCCCCCCCCCCCCCCCO,-8.4
c1ccoc1,-0.82
O=c1cc[nH]c(=S)[nH]1,-2.273
CCC(O)(CC)CC,-0.85
COC1=C(OC)C2C(=O)OCC2C=C1,-1.899
BrC(Br)(Br)Br,-3.14
CCCl,-1.06
CC(=O)Nc1ccc([N+](=O)[O-])cc1,-2.692
CCCCOC=O,-1.37
CCCCS,-2.18
CC(C)CO,0.1
Nc1ccc([N+](=O)[O-])cc1,-2.37
CCCCc1c(O)n(-c2ccc(O)cc2)n(-c2ccccc2)c1=O,-3.73
CNc1ccccc1,-1.28
CC(C)NC(=O)n1cc(O)n(-c2cc(Cl)cc(Cl)c2)c1=O,-4.376
CCCCOC(=O)c1ccc(N)cc1,-3.082
C=CC(C)(O)CCC=C(C)C,-1.99
Clc1cc(Cl)cc(Cl)c1,-4.48
Clc1ccc(-c2cc(Cl)c(Cl)c(Cl)c2Cl)c(Cl)c1,-7.39
Cc1cc(C)c(C)c(C)c1C,-4.0
CC(C)OC(=O)Nc1cccc(Cl)c1,-3.38
CCCC1COC(Cn2cncn2)(c2ccc(Cl)cc2Cl)O1,-3.4930000000000003
CCC(C)=O,0.52
Nc1ccc(S(N)(=O)=O)cc1,-1.34
C#CCC,-1.24
C=C,-0.4
CCNC(=S)NCC,-1.46
COc1ncc2nccnc2n1,-1.11
CC1CCC(C(C)C)C(O)C1,-2.53
C=C(C)C(=C)C,-2.4
CCOC(=O)CC(=O)OCC,-0.82
COCCCNc1nc(NC(C)C)nc(SC)n1,-2.928
COC(=O)c1ccc(O)cc1,-1.827
CCCCCl,-2.03
CCOc1ccc(NC(N)=O)cc1,-2.17
CON(C)C(=O)Nc1ccc(Cl)c(Cl)c1,-3.592
O=C(Nc1ccccc1)c1ccccc1I,-4.21
Oc1[nH]c(O)c2ccccc12,-2.932
Fc1ccccc1Br,-2.7
CC12CCC(CC1)C(C)(C)O2,-1.74
CNC(=O)ON=C(SC)C(=O)N(C)C,0.106
c1ccc2c(c1)CCN2,-1.04
N#CC(OC1OC(COC2OC(CO)C(O)C(O)C2O)C(O)C(O)C1O)c1ccccc1,-0.77
Oc1c2c(c(O)n1SC(Cl)(Cl)C(Cl)Cl)CC=CC2,-5.4
CN(C)C(=O)Nc1ccc(-n2nc(C(C)(C)C)oc2=O)c(Cl)c1,-4.328
Cc1ccc(N=CN(C)C=Nc2ccc(C)cc2C)c(C)c1,-5.47
CCCCCCCCCCCCCCCCO,-7.0
CC(=O)OC1(C)CCC2C3CC=C4CC(=O)CCC4(C)C3CCC21C,-5.284
CCI,-1.6
CCC(C)(C)C,-3.55
CCC(C)c1cc([N+](=O)[O-])cc([N+](=O)[O-])c1O,-3.38
CCCCCCCCOC(=O)c1ccccc1C(=O)OCCCCCCCC,-5.115
CCCCc1c(C)nc(NCC)nc1OS(=O)(=O)N(C)C,-4.16
CC(=O)C1CCC2C3CC=C4CC(O)CCC4(C)C3CCC12C,-4.65
Clc1ccc(C(c2ccc(Cl)cc2)C(Cl)Cl)cc1,-7.2
CC(=O)OCC(COC(C)=O)OC(C)=O,-0.6
c1ccc2c(c1)sc1ccccc12,-4.38
O=[N+]([O-])c1cccc(Cl)c1Cl,-3.48
CNC(=O)ON=C(CSC)C(C)(C)C,-1.62
CCOc1ccc(C(C)(C)COCc2cccc(Oc3ccccc3)c2)cc1,-8.6
O=CNC(N1C=CN(C(NC=O)C(Cl)(Cl)Cl)C=C1)C(Cl)(Cl)Cl,-4.19
CCCCC(CC)COC(=O)c1ccccc1C(=O)OCC(CC)CCCC,-6.96
CSC,-0.45
Clc1ccccc1-c1ccccc1Cl,-5.27
CC12CCC(=O)C=C1CCC1C3CCC(O)(C(=O)CO)C3(C)CC(O)C12F,-3.43
CCN1c2ccccc2N(C)C(=O)c2cccnc21,-3.324
CCc1ccc2ccccc2c1,-4.29
CCN(CC)C(=O)CSc1ccc(Cl)nn1,-1.716
C=CCC=C,-2.09
c1cc2c3c(cccc3c1)CC2,-4.63
CBr,-0.79
COc1cnc2cncnc2n1,-0.91
Nc1cc(N2CCCCC2)nc(N)[n+]1[O-],-1.989
CN(C)C(=O)Nc1cccc(C(F)(F)F)c1,-3.43
O=[N+]([O-])C(Cl)(Cl)Cl,-2.0
Cc1ccc2c(c1)Oc1ncc(N)cc1C(=O)N2C,-3.043
ClC(Cl)=C(c1ccc(Cl)cc1)c1ccc(Cl)cc1,-6.9
CC#N,0.26
CCC(C)Cl,-1.96
OCC(O)CO,1.12
C=C(C)CN(CC)c1c([N+](=O)[O-])cc(C(F)(F)F)cc1[N+](=O)[O-],-6.124
CCOP(=S)(OCC)SCSP(=S)(OCC)OCC,-5.54
CI,-1.0
CC(=O)N(c1onc(C)c1C)S(=O)c1ccc(N)cc1,-3.59
ClC1=C(Cl)C2(Cl)C3CC=CC3C1(Cl)C2(Cl)Cl,-5.64
CN(C)C(=O)NC1CCCCCCC1,-2.218
CC(C)CC(C)(C)C,-4.74
C=CCC1(c2ccccc2)C(=O)NC(=O)NC1=O,-2.369
CCCCC(=O)OC1(C(=O)CO)C(C)CC2C3CC=C4CC(=O)C=CC4(C)C3(F)C(O)CC21C,-4.71
Cc1ccc(-c2ccccc2)cc1,-4.62
CCCCOC(=O)CCCCCCCCC(=O)OCCCC,-3.896
CCCCCC1CCCC1,-6.08
CCSCc1ccccc1OC(=O)NC,-2.09
COc1ccccc1[N+](=O)[O-],-1.96
CCCCCCCCCCCC(=O)OC,-4.69
C#CC1(O)CCC2C3CC=C4CC(=O)CCC4(C)C3CCC21C,-5.66
C=CCCCO,-0.15
CC(C)C,-2.55
CCOc1ccccc1,-2.33
Clc1cc(Cl)c(Cl)cc1Cl,-5.56
CCc1ccccn1,0.51
Nc1nc[nH]n1,0.522
CNC(=O)Oc1cccc2c1OC(C)(C)C2,-2.8
CCN(CC)c1c([N+](=O)[O-])cc(C(F)(F)F)c(N)c1[N+](=O)[O-],-5.47
CCC(O)CC,-0.24
COC(=O)c1ccccc1OC1OC(COC2OCC(O)C(O)C2O)C(O)C(O)C1O,-0.742
O=c1[nH]c2cc(Cl)ccc2o1,-2.8310000000000004
Clc1ccc(-c2cc(Cl)c(Cl)c(Cl)c2Cl)cc1Cl,-7.82
O=[N+]([O-])c1ccc(Cl)cc1,-2.92
CN(C)C(=O)Nc1ccc(Cl)c(Cl)c1,-3.8
C[N+](=O)[O-],0.26
COc1nc(NC(C)C)nc(NC(C)C)n1,-2.478
CCCCC(C)O,-0.89
CN(C)C(=O)Nc1ccc(Cl)cc1,-2.89
CN1C(=O)CN=C(c2ccccc2)c2cc(Cl)ccc21,-3.754
Cc1c(C)c2c3ccccc3ccc2c2ccccc12,-7.01
C=CCCCCCCC,-5.05
CCCC(=O)CC,-0.83
CC1=CC(=O)CC(C)(C)C1,-1.06
CCOP(=S)(OCC)Oc1cc(C)nc(C(C)C)n1,-3.64
CC1CC2C3CC=C4CC(=O)C=CC4(C)C3(F)C(O)CC2(C)C1(O)C(=O)CO,-3.59
COC1=CC(=O)CC(C)C12Oc1c(Cl)c(OC)cc(OC)c1C2=O,-3.2460000000000004
CCCOC(=O)CC,-0.82
CC1(C)C(C=C(Br)Br)C1C(=O)OC(C#N)c1cccc(Oc2ccccc2)c1,-8.402000000000001
C1=CCCCCC1,-3.18
ClCC(Cl)Cl,-1.48
C1=CCCC1,-2.1
O=[N+]([O-])c1ccccc1Cl,-2.55
Clc1cccc(Br)c1,-3.21
CCOC(=O)c1ccc(O)cc1,-2.35
CC12CCC3C(CC=C4CC(O)CCC43C)C1CCC2=O,-4.12
Clc1ccc(-c2cc(Cl)ccc2Cl)c(Cl)c1,-6.57
Clc1ccc(Cl)c(-c2c(Cl)c(Cl)c(Cl)c(Cl)c2Cl)c1,-8.94
CCCCCCCCCCCCCCO,-5.84
CCOC(=O)c1cncn1C(C)c1ccccc1,-4.735
CCCCCCCC(C)O,-2.74
CN(C)C(=S)SSC(=S)N(C)C,-3.9
CC1(C)C(C(=O)OC(C#N)c2cccc(Oc3ccccc3)c2)C1(C)C,-6.025
CCCCOCN(C(=O)CCl)c1c(CC)cccc1CC,-4.19
CC(=O)Nc1nnc(S(N)(=O)=O)s1,-2.36
CCCCC(=O)OCC,-2.25
CCCCC(CC)CO,-2.11
CCOP(=S)(OCC)SC(CCl)N1C(=O)c2ccccc2C1=O,-6.34
CCC(=O)OC1CCC2C3CC=C4CC(=O)CCC4(C)C3CCC12C,-5.37
Nc1ccc2cc3ccccc3cc2c1,-5.17
Clc1cccc(-c2cccc(Cl)c2Cl)c1Cl,-7.28
Clc1ccccc1Cl,-3.05
COc1c2occc2cc2ccc(=O)oc12,-3.664
CCN1c2cc(Cl)ccc2NC(=O)c2cccnc21,-5.36
CCCc1ccccc1,-3.37
OC(c1ccc(Cl)cc1)(c1ccc(Cl)cc1)C(Cl)(Cl)Cl,-5.666
CCCCSP(=O)(SCCCC)SCCCC,-5.14
CSc1nc(NC(C)C)nc(NC(C)C)n1,-4.1
Oc1cc(Cl)c(Cl)cc1Cl,-2.21
Clc1ccc2ccccc2c1,-4.14
N#Cc1cc(Br)c(O)c(Br)c1,-3.33
c1ccc2ncccc2c1,-1.3
CCO,1.1
O=C1NC(=O)C2(CCC2)C(=O)N1,-1.655
CCCCCCCC(=O)OCN1C(=O)NC(c2ccccc2)(c2ccccc2)C1=O,-6.523
Nc1ccccc1[N+](=O)[O-],-1.96
CC12C=CC(=O)C=C1CCC1C2C(O)CC2(C)C1CCC2(O)C(=O)CO,-3.18
O=c1c(C(CC(O)c2ccc(-c3ccc(Br)cc3)cc2)c2ccccc2)c(O)oc2ccccc12,-4.445
Nc1ccc(Cl)cc1,-1.66
Cc1ccc(C(C)C)cc1O,-2.08
Cc1ccc(O)c(C)c1,-1.19
CC(C)N(C(=O)SCC(Cl)=CCl)C(C)C,-4.2860000000000005
CC(C)(C)C(=O)C(Oc1ccc(Cl)cc1)n1cncn1,-3.61
O=c1[nH]c(=O)c2[nH]c(=O)[nH]c2[nH]1,-3.93
CCCCCCCC,-5.24
CCNc1ccccc1,-1.7
CC(C)CC(C)C,-4.26
CC(C)Cl,-1.41
NC(N)=O,0.96
Clc1ccc(-c2cccc(Cl)c2Cl)cc1,-6.29
CCCCCCCC(C)=O,-2.58
CC(C)N(C(=O)SCC(Cl)=C(Cl)Cl)C(C)C,-4.88
Brc1ccc2ccccc2c1,-4.4
CCC1(c2ccccc2)CCC(=O)NC1=O,-2.337
CC(C)c1ccccc1,-3.27
CC1CCCCC1NC(=O)Nc1ccccc1,-4.11
CCOP(=S)(OCC)SCSCC,-4.11
C/C=C/C=O,0.32
CCCCN(CC)c1c([N+](=O)[O-])cc(C(F)(F)F)cc1[N+](=O)[O-],-5.53
CSSC,-1.44
c1ccc2c(c1)ccc1ccccc12,-5.26
O=C1NC(=O)C2(CCCCCC2)C(=O)N1,-3.168
CC12CCC(=O)C=C1CCC1C2C(=O)CC2(C)C1CCC2(O)C(=O)CO,-3.11
C1CCCCC1,-3.1
Cc1c2ccccc2cc2ccccc12,-5.89
C=C(C)C1C=CC(C)C(=O)C1,-2.06
CCOP(=S)(OCC)ON=C(C#N)c1ccccc1,-4.862
Brc1cccc(Br)c1,-3.54
CCCOC(C)C,-1.34
CC12CCC(=O)C=C1CCC1C2C(O)CC2(C=O)C(C(=O)CO)CCC12,-3.85
CCC(Br)(CC)C(=O)NC(N)=O,-2.68
CCCCCOC(C)=O,-1.89
CCCCCCCCl,-4.0
CC(C)CCCO,-1.14
CC12CCc3c(ccc4cc(O)ccc34)C1CCC2=O,-5.24
CC(C)OC(=O)C(O)(c1ccc(Cl)cc1)c1cccc(Cl)c1,-4.53
CCCCCCl,-2.73
CC(=O)OCCC(C)C,-1.92
Clc1cccc(Cl)c1-c1ccccc1,-5.21
O=Cc1ccc(O)cc1,-0.96
CCC(C)(O)CC,-0.36
CC1COC2CC3(C)C(CC4C5C=C6CC(O)CCC6(C)CC5CCC43C)OC2C1,-7.32
COc1ccc(Cl)cc1,-2.78
NC(=S)Nc1ccccc1,-1.77
OCc1ccccc1,-0.4
O=C(C=CC=Cc1ccc2c(c1)OCO2)N1CCCCC1,-3.46
Clc1ccc(-c2ccc(Cl)c(Cl)c2Cl)c(Cl)c1,-7.8
COP(=S)(OC)SCC(=O)N(c1ccc(Cl)cc1)C(C)C,-4.432
COC(C)=O,0.46
CCNc1nc(NC(C)(C)C)nc(OC)n1,-3.239
Cc1c[nH]c2ccccc12,-2.42
NS(=O)(=O)c1cc2c(cc1Cl)NCNS2(=O)=O,-2.63
CC(=O)Nc1ccc(O)cc1,-1.03
CN(C)c1nc(N(C)C)nc(N(C)C)n1,-3.364
O=C1CN=C(c2ccccc2Cl)c2cc([N+](=O)[O-])ccc2N1,-3.499
CCCCc1c(C)[nH]c(N(C)C)nc1=O,-2.24
c1ccc2cnccc2c1,-1.45
COP(=S)(OC)Oc1ccc([N+](=O)[O-])cc1Cl,-4.31
NS(=O)(=O)c1cc2c(cc1C(F)(F)F)NC(Cc1ccccc1)NS2(=O)=O,-3.59
Cc1ccc(C)c2ccccc12,-4.14
Clc1c(Cl)c(Cl)c(-c2c(Cl)c(Cl)c(Cl)c(Cl)c2Cl)c(Cl)c1Cl,-11.6
Cc1ccccc1C,-2.8
O=C1C(Cl)C(CCl)CN1c1cccc(C(F)(F)F)c1,-4.047
C#CCCC,-1.64
c1ccc2c(c1)[nH]c1ccccc12,-5.27
COC=O,0.58
CCCCCOC(=O)CC,-1.28
CCCCN(C)C(=O)Nc1ccc(Cl)c(Cl)c1,-4.77
Brc1cc(Br)c(Br)cc1Br,-6.98
CC12CCC3C(CCC4CC(O)CCC43C)C1CCC2=O,-4.402
CC(=O)Nc1ccc(Br)cc1,-3.083
CCCOCC,-0.66
CC(C)Oc1cc(-n2nc(C(C)(C)C)oc2=O)c(Cl)cc1Cl,-5.696000000000001
OC1COC(O)C(O)C1O,0.39
c1ccsc1,-1.33
O=C1NC(=O)C2(CCCC2)C(=O)N1,-2.349
CCCCCC,-3.84
CC1(C)OC2CC3C4CC=C5CC(=O)C=CC5(C)C4(F)C(O)CC3(C)C2(C(=O)CO)O1,-4.31
CCCCC(=O)OCN1C(=O)NC(c2ccccc2)(c2ccccc2)C1=O,-4.678
CCOP(=S)(OCC)Oc1ccc([N+](=O)[O-])cc1,-4.66
Clc1ccccc1,-2.38
CCC(C)O,0.47
CCCCOCCCC,-1.85
C=CCCCC,-3.23
ClC1C(Cl)C(Cl)C(Cl)C(Cl)C1Cl,-4.64
OCC1OC(O)C(O)C(O)C1O,0.74
CCCCC(C)(C)O,-1.08
c1cnc2c(c1)ccc1ncccc12,-2.68
O=c1[nH]cc(F)c(=O)[nH]1,-1.077
C=CCCCCCCCC,-5.51
O=[N+]([O-])c1ccccc1[N+](=O)[O-],-3.1
c1ccc2c(c1)Cc1c-2ccc2ccccc12,-6.68
CCc1ccc(C)cc1,-3.11
Fc1cccc(Br)c1,-2.67
C#CCCCCCC,-3.66
CCC(c1ccc(O)cc1)C(CC)c1ccc(O)cc1,-4.43
Cc1cc(C)c(C)cc1C,-4.59
ClC=C(Cl)Cl,-1.96
CC(C)C(C)O,-0.18
CCCCOCCO,-0.42
Oc1cccc2ncccc12,-2.54
CCC(C=O)CC,-1.52
COc1ccc(C(O)(c2cncnc2)C2CC2)cc1,-2.596
CCCCCCCCCC(C)O,-2.94
CCCCOC,-0.99
CCOC=O,0.15
Cc1cccc2sc3nncn3c12,-2.07
Cc1ccc(O)cc1,-0.73
Cc1ccc(NC(=O)N(C)C)cc1Cl,-3.483
OCc1ccccc1OC1OC(CO)C(O)C(O)C1O,-0.85
Cc1c(N(C)C)c(=O)n(-c2ccccc2)n1C,-0.364
O=C(Nc1ccccc1)c1ccccc1O,-3.59
CCCOP(=S)(OCCC)SCC(=O)N1CCCCC1C,-4.15
CCCCCCC(=O)OCN1C(=O)NC(c2ccccc2)(c2ccccc2)C1=O,-6.301
CCN(CC)c1nc(Cl)nc(NC(C)C)n1,-3.785
Cc1ccc(C(C)C)cc1,-3.77
Cc1cc(C)c(O)c(C)c1,-2.05
O=[N+]([O-])c1cccc2ccccc12,-3.54
Oc1ccc(Br)cc1,-1.09
C=CC=C,-1.87
CCBr,-1.09
O=C1NC(=O)C(=O)C(=O)N1,-1.25
ClC(Cl)C(Cl)Cl,-1.74
CCN1c2ccccc2N(C)C(=S)c2cccnc21,-4.706
Cc1cnc2cncnc2n1,-0.8540000000000001
CC(=O)C1(C)CCC2C3=CC(C)=C4CC(=O)CCC4(C)C3CCC21C,-5.27
C=CCCCCC,-3.73
CCN1c2nc(N(C)CCO)ccc2NC(=O)c2cccnc21,-3.36
CCCCCCCCC,-5.88
N#Cc1ccccc1,-1.0
CC1(C)C(C=C(Cl)Cl)C1C(=O)OC(C#N)c1ccc(F)c(Oc2ccccc2)c1,-7.337000000000001
O=C(Nc1ccccc1)Nc1ccccc1,-3.15
CC(C)C(O)C(C)C,-1.22
CCCCCBr,-3.08
Oc1ccc(Cl)cc1Cc1cc(Cl)ccc1O,-3.953
CCCCCCCCC(=O)OCC,-3.8
Cn1cnc2c1c(=O)[nH]c(=O)n2C,-2.523
CC(C)CC(C)O,-0.8
C=CCC1(CC=C)C(=O)NC(=O)NC1=O,-2.077
Cc1cccc2ccccc12,-3.7
CCC(C)CC,-3.68
CC(Cl)Cl,-1.29
C=CCCC=C,-2.68
NS(=O)(=O)c1cc2c(cc1Cl)N=CNS2(=O)=O,-3.05
COC(C)(C)CCCC(C)C=CC=C(C)CC(=O)OC(C)C,-5.19
Oc1c(Cl)cc(Cl)c(Cl)c1Cl,-3.1
CC(C)CCCCCOC(=O)c1ccccc1C(=O)OCCCCCC(C)C,-6.6370000000000005
O=C1NC(=O)C2(CCCCC2)C(=O)N1,-3.06
CCOC(=O)NCCOc1ccc(Oc2ccccc2)cc1,-4.7
Ic1ccccc1,-3.01
CCCCCC(C)O,-1.55
Cc1nc(N(C)C)nc(OC(=O)N(C)C)c1C,-1.95
NC(=O)CCl,-0.02
CCCC(C)(C)O,-0.49
CCCC(C)(COC(N)=O)COC(N)=O,-1.807
CCC(C)CO,-0.47
CSCS(=O)CC(CO)NC(=O)C=Cc1c(C)[nH]c(=O)[nH]c1=O,-1.981
COC(=O)C1=C(C)N=C(C)C(C(=O)OC)C1c1ccccc1[N+](=O)[O-],-4.76
COCC(=O)N(c1c(C)cccc1C)C(C)C(=O)OC,-1.601
Cc1c(N)c(=O)n(-c2ccccc2)n1C,-0.624
CC(C)CNC(=O)N1CCNC1=O,-2.15
C=CCSS(=O)CC=C,-0.83
CCCCCCCCCCCCO,-4.8
CCc1cccc(C)c1N(C(=O)CCl)C(C)COC,-2.73
CCc1ccccc1C,-3.21
CC(C)Nc1nc(Cl)nc(NC(C)C)n1,-4.43
C#CC1(O)CCC2C3CCc4cc(O)ccc4C3CCC21C,-4.3
Cc1ccnc2c1NC(=O)c1cccnc1N2C1CC1,-3.19
Cn1c(=O)c2[nH]cnc2n(C)c1=O,-1.39
CCCCCCCCCCCCCCCO,-6.35
FC(F)(Cl)C(F)(F)Cl,-2.74
ClCCCl,-1.06
CCCCCCCCCCCCCCCCCCCC,-8.172
CC12CCC(=O)C=C1CCC1C2C(O)CC2(C)C1CCC2(O)C(=O)CO,-3.09
COP(=S)(OC)Oc1ccc(SC)c(C)c1,-4.57
CN(C)C(=O)SCCCCOc1ccccc1,-3.927
Nc1cc[nH]c(=O)n1,-1.155
CC1(C)C2CCC1(C)C(O)C2,-2.32
CCOC(=O)Nc1cccc(OC(=O)Nc2ccccc2)c1,-4.632
COc1ccccc1OCC(O)COC(N)=O,-0.985
Cc1cccc(C)c1O,-1.29
O=C1c2ccccc2C(=O)c2ccccc21,-5.19
CC(=O)N(C)C,1.11
COC(=O)Nc1cccc(OC(=O)Nc2cccc(C)c2)c1,-4.805
OCC1OC(O)(CO)C(O)C1O,0.64
C#CC(C)N(C)C(=O)Nc1ccc(Cl)cc1,-3.9
Oc1ccc2ccccc2c1,-2.28
Clc1cc(Cl)c(-c2cc(Cl)c(Cl)cc2Cl)cc1Cl,-8.56
Clc1ccccc1Br,-3.19
Oc1ccc(-c2ccccc2)cc1,-3.48
CCCCCCc1ccc(O)cc1O,-2.59
CCCCCCC(C)O,-2.09
OC1C(O)C(O)C(O)C(O)C1O,0.35
CC(C)[N+](=O)[O-],-0.62
c1ccc(-c2ccc(-c3ccccc3)cc2)cc1,-7.11
CSc1nnc(C(C)(C)C)c(=O)n1N,-2.253
COc1ccccc1O,-1.96
CCC(C)(C)CC,-4.23
CCCCCC=O,-1.3
C/C=C/CCCC,-3.82
CCCC(C)(C)CO,-1.52
CC(C)CC(C)(C)O,-0.92
CCCCCCO,-1.24
CCOP(=S)(OCC)Oc1ccc2oc(=O)c(Cl)c(C)c2c1,-5.382000000000001
COP(=O)(OC)OC(Br)C(Cl)(Cl)Br,-2.28
Nc1[nH]c(=O)nc2[nH]cnc12,-3.401
O=C(Nc1ccc([N+](=O)[O-])cc1Cl)c1cc(Cl)ccc1O,-4.7
CCOP(=S)(OCC)Oc1nc(Cl)n(C(C)C)n1,-3.658
Cc1cc(C(=O)NNCc2ccccc2)no1,-2.461
ClCCl,-0.63
CCN(CC)c1nc(Cl)nc(N(CC)CC)n1,-4.4110000000000005
Cc1c([N+](=O)[O-])cccc1[N+](=O)[O-],-3.0
c1cnc2ncncc2n1,0.02
Clc1c(Cl)c(Cl)c(-c2ccccc2)c(Cl)c1Cl,-7.92
CC12CCC(=O)C=C1CCC1C2C(O)CC2(C)C(C(=O)CO)CCC12,-3.24
Clc1ccc(C(c2ccccc2Cl)C(Cl)Cl)cc1,-6.51
Clc1ccccc1-c1ccccc1,-4.54
CCC(C)n1c(=O)[nH]c(C)c(Br)c1=O,-2.523
Oc1cccc(O)c1,0.81
ClCBr,-0.89
CC(=O)OCC(C)C,-1.21
Oc1ccc2ncccc2c1,-2.16
CC(=O)OCC(=O)C1(O)C(C)CC2C3CC=C4CC(=O)C=CC4(C)C3(F)C(O)CC21C,-4.9
COC(=O)c1cc(O)c(O)c(O)c1,-1.24
CC(C)C(=O)C(C)C,-1.3
Cc1cccc(C)c1NC(=O)c1cc(S(N)(=O)=O)c(Cl)cc1O,-3.79
ClC1=C(Cl)C2(Cl)C3C4CC(C5OC45)C3C1(Cl)C2(Cl)Cl,-6.29
CCC(C)(C)O,0.15
c1ccc(Nc2ccccc2)cc1,-3.504
Clc1cccc2ccccc12,-3.93
CCOC(C)OCC,-0.43
CCOC(N)=O,0.85
CCCN(CCC)c1c([N+](=O)[O-])cc(C(C)C)cc1[N+](=O)[O-],-6.49
CCCCOc1ccc(C(=O)OCC)c(N(CC)CC)c1,-3.84
CCCC(C)C1(CC)C(=O)NC(=O)NC1=O,-2.39
Nc1cc2c3ccccc3ccc2c2ccccc12,-6.2
C=C(Br)CC1(C(C)CC)C(=O)NC(=O)NC1=O,-2.647
CCCC(C)CO,-1.11
O=C1N=C(c2ccccc2Cl)c2cc(Cl)ccc2NC1O,-3.604
O=C(NC(=O)c1c(F)cccc1F)Nc1cc(Cl)c(F)c(Cl)c1F,-7.28
CC1=CC(=O)c2ccccc2C1=O,-3.03
Clc1cc(-c2cc(Cl)c(Cl)c(Cl)c2Cl)c(Cl)c(Cl)c1Cl,-9.16
ClC1=C(Cl)C2(Cl)C3C4C=CC(C4)C3C1(Cl)C2(Cl)Cl,-6.307
Nc1ncnc2c1ccn2C1OC(CO)C(O)C1O,-1.95
CC1CCCC1,-3.3
COc1c2occc2c(OC)c2c(=O)cc(C)oc12,-3.0210000000000004
CC1OC(OC2C(O)CC(OC3C(O)CC(OC4CCC5(C)C(CCC6C5CCC5(C)C(C7=CC(=O)OC7)CCC65O)C4)OC3C)OC2C)CC(O)C1O,-5.292999999999999
CC(C)C(C)(C)C,-4.36
CCCCCCCCCCO,-3.63
CCC(C)CCO,-0.71
CCCCCCC(C)=O,-2.05
O=c1c(C2CCCc3ccccc32)c(O)oc2ccccc12,-2.84
c1ccc2cc3cc4ccccc4cc3cc2c1,-8.6
CC(=O)CCc1c(O)n(-c2ccccc2)n(-c2ccccc2)c1=O,-3.27
O=C1NCCN1c1ncc([N+](=O)[O-])s1,-3.22
CCC1(CCC(C)C)C(=O)NC(=O)NC1=O,-2.468
CO,1.57
C#CC1(OC(C)=O)CCC2C3CC=C4CC(=O)CCC4C3CCC21C,-4.8
O=[N+]([O-])c1ccc([N+](=O)[O-])cc1,-3.39
CC12CCC3C(CCC4CC(=O)CCC43C)C1CCC2O,-4.743
Clc1cccc(C(Cl)(Cl)Cl)n1,-3.76
OC(Cn1cncn1)(Cn1cncn1)c1ccc(F)cc1F,-1.8
CCC=O,0.58
CN(C)C(=O)Nc1ccccc1,-1.6
N#CCCCl,-0.29
CC(C)c1ccc(NC(=O)N(C)C)cc1,-3.536
c1ccnnc1,1.1
O=[N+]([O-])c1cccc(O)c1,-1.01
c1ccc(Oc2ccccc2)cc1,-3.96
CC(O)C(C)(C)C,-0.62
Nc1cccc2ccccc12,-1.92
CCCCCCC,-4.53
Cc1ccc2c(c1)C(=O)N(C)c1cc(N)ccc1O2,-3.928
C#CCCCCCCC,-4.24
CCCC(=O)OCC,-1.36
CC(=O)OCC(=O)C1(O)CCC2C3CC=C4CC(=O)CCC4(C)C3C(O)CC21C,-4.88
Clc1ccc(I)cc1,-4.03
Cc1cc(OC(=O)N(C)C)n(-c2ccccc2)n1,-2.09
CC12CCC3C(=CCc4cc(O)ccc43)C1CCC2=O,-5.282
Cn1c(=O)c2c(ncn2CC(O)CO)n(C)c1=O,-0.17
CC1=C(C(=O)Nc2ccccc2)SCCO1,-3.14
Clc1cc(Cl)c(Cl)c(Cl)c1Cl,-5.65
N#CCCl,-0.092
C#CC,-0.41
CCC(C)(C)Cl,-2.51
c1ccccc1,-1.64
CCOC(=O)c1ccc(N)cc1,-2.616
C1CCOC1,0.49
Clc1ccc(-c2c(Cl)cccc2Cl)cc1,-6.14
COC(=O)Nc1nc2cc(C(=O)c3ccccc3)ccc2[nH]1,-3.88
CCOC(=O)c1ccccc1C(=O)OCC,-2.35
C#C,0.29
c1ccc2c(c1)ccc1c3ccccc3ccc21,-8.057
CCCCCCCBr,-4.43
c1ccc2c(c1)cc1ccc3cccc4ccc2c1c34,-8.699
Oc1c(Cl)c(Cl)c(Cl)c(Cl)c1Cl,-4.28
CC1(C)C(=O)NC(=O)NC1=O,-1.742
CCOC(=O)N(C)C(=O)CSP(=S)(OCC)OCC,-2.518
Oc1ccccc1Cl,-1.06
Clc1cccc(Cl)c1,-3.04
ICI,-2.34
COc1cc(C2c3cc4c(cc3C(OC3OC5COC(C)OC5C(O)C3O)C3COC(=O)C23)OCO4)cc(OC)c1O,-3.571
C=C(C)CC,-2.73
Cc1occc1C(=O)Nc1ccccc1,-3.3
C,-0.9
CC(C)OC(=O)C(O)(c1ccc(Br)cc1)c1ccc(Br)cc1,-4.93
COP(=S)(OC)SCC(=O)N(C)C=O,-1.995
CC12CCC3c4ccc(O)cc4CCC3C1CCC2=O,-3.955
Brc1ccccc1Br,-3.5
CC12CCC3C(CC=C4CC(=O)CCC43C)C1CCC2=O,-3.69
Nc1nccs1,-0.36
CCCCc1ccccc1,-4.06
CCC(C)C(C)C,-4.28
Clc1ccc(Cl)cc1,-3.27
CCCCBr,-2.37
CCCCC(C)CC,-5.16
OCC1OC(OC2C(CO)OC(O)C(O)C2O)C(O)C(O)C1O,-0.244
Nc1cccc2nc3ccccc3cc12,-4.22
CN(C)C(=O)OC1=CC(=O)CC(C)(C)C1,-0.85
CCCCC,-3.18
C=CCC1(CC)C(=O)NC(=O)NC1=O,-1.614
CC12CCC3C(CCC4CC(O)CCC43C)C1CCC2=O,-4.16
OC(c1ccccc1)c1ccccc1,-2.55
CCN(CC)C(=O)C(C)Oc1cccc2ccccc12,-3.57
CCC#N,0.28
Cc1ccccc1N1C(=O)c2cc(S(N)(=O)=O)c(Cl)cc2NC1C,-3.78
CC(Cl)(Cl)Cl,-2.0
ClCCCCl,-1.62
O=C1c2ccccc2Cc2ccccc2N1CCF,-4.799
OCC(O)C(O)C(O)C(O)CO,0.06
CCCSCCC,-2.58
CC(C)I,-2.09
c1cc2ccc3ccc4ccc5cccc6c(c1)c2c3c4c56,-9.018
O=c1cc[nH]c(=O)[nH]1,-1.4880000000000002
C=CCc1ccc(O)c(OC)c1,-1.56
CS(=O)(=O)c1ccc(C(O)C(CO)NC(=O)C(Cl)Cl)cc1,-2.154
CCCC=O,-0.01
CC(C)(C)c1ccccc1,-3.66
Cc1c2ccccc2c(C)c2ccccc12,-6.57
O=C1NC(=O)C(c2ccccc2)(c2ccccc2)N1,-4.097
CC1(C)C(C=C(Cl)C(F)(F)F)C1C(=O)OC(C#N)c1cccc(Oc2ccccc2)c1,-8.176
O=C1CN=C(c2ccccc2)c2cc([N+](=O)[O-])ccc2N1,-3.796
Cc1cccc2c(C)cccc12,-4.678999999999999
Fc1ccc(F)cc1,-1.97
CC(C)C1(C(C)C)C(=O)NC(=O)NC1=O,-2.766
Oc1cccc(Cl)c1Cl,-1.3
C=CCCCCCC,-4.44
COc1cnc2ncncc2n1,-1.139
Cl/C=C\Cl,-1.3
ClC(Cl)=C(Cl)Cl,-2.54
CCCCCCCCCC(=O)OC,-4.69
CCCCCCCCCC(=O)OCC,-4.1
C=COCC,-0.85
CCC#CCC,-1.99
N#Cc1ccccc1C#N,-2.38
c1ccc(NNc2ccccc2)cc1,-2.92
CC12CCC(C1)C(C)(C)C2=O,-1.85
c1ccc2nc3ccccc3cc2c1,-3.67
CC1OC(OC2C(O)CC(OC3C(O)CC(OC4CCC5(C)C(CCC6C5CC(O)C5(C)C(C7=CC(=O)OC7)CCC65O)C4)OC3C)OC2C)CC(O)C1O,-4.081
Nc1cccc([N+](=O)[O-])c1,-2.19
CCCCC1(CC)C(=O)NC(=O)NC1=O,-1.661
Cc1ccc([N+](=O)[O-])cc1,-2.49
Brc1cc(Br)cc(Br)c1,-5.6
CNC(=O)Oc1cccc2ccccc12,-3.224
COc1cccc(Cl)c1,-2.78
FC(F)(F)c1ccccc1,-2.51
CCOP(=S)(OCC)Oc1nc(Cl)c(Cl)cc1Cl,-5.67
ClC(Cl)Br,-1.54
c1ccc2nc(-c3ccc4ccccc4n3)ccc2c1,-5.4
ClC(Cl)(Cl)C(Cl)(Cl)Cl,-3.67
N#CC(Cl)(Cl)Cl,-2.168
CC(C)SC(C)C,-2.24
CC(C)N(C(=O)CCl)c1ccccc1,-2.48
Cc1ccc(Cl)cc1,-3.08
CC(C)CCO,-0.51
CCCCC=O,-0.85
CCCO,0.62
Clc1ccc(Cl)c(Cl)c1Cl,-4.57
O=[N+]([O-])c1c(Cl)c(Cl)c(Cl)c(Cl)c1Cl,-5.82
CCOP(=S)(OCC)Oc1ccc(S(C)=O)cc1,-2.3
CNC(=O)Oc1cc(C)cc(C)c1,-2.5810000000000004
COC1=CC(=O)C2C(=O)C3=CC(=O)CCC3OC2C1,-2.943
BrC(Br)Br,-1.91
O=C1NC(=O)C(O)(C2(O)C(=O)NC(=O)NC2=O)C(=O)N1,-1.99
ClC1=C(Cl)C2(Cl)C3C(Cl)C=CC3C1(Cl)C2(Cl)Cl,-6.317
CC=C(c1ccc(O)cc1)C(CC)c1ccc(O)cc1,-4.07
COC(=O)c1ccccc1C(=O)OC,-1.66
O=C1CCCCC1,-0.6
C#CC(C)OC(=O)Nc1cccc(Cl)c1,-2.617
C=CC1(C)OC(=O)N(c2cc(Cl)cc(Cl)c2)C1=O,-4.925
CCCCN(CC)C(=O)SCCC,-3.53
CC(C)(C)CCO,-0.5
CCCCCO,-0.6
c1ccc(Cc2ccccc2)cc1,-4.08
CCCCI,-2.96
CSc1ccccc1,-2.39
Cc1cccc2c1ccc1ccccc12,-5.85
O=c1[nH]cnc2[nH]cnc12,-2.296
CNC(=O)Oc1ccc(N(C)C)c(C)c1,-2.36
CC(=O)c1ccccc1,-1.28
c1ccc(-c2ccccc2)cc1,-4.345
Clc1ccc(-c2ccccc2)cc1Cl,-6.39
CCCC(C)(O)CC,-0.98
Cn1c(=O)c2c(ncn2C)n(C)c1=O,-0.8759999999999999
O=C(NC(CO)C(O)c1ccc([N+](=O)[O-])cc1)C(Cl)Cl,-2.111
Oc1cccc2cccnc12,-2.42
Cc1ccnc(C)c1,0.38
CCOP(=S)(OCC)SCCSCC,-4.23
OC(c1ccc(Cl)cc1)(c1cncnc1)c1ccccc1Cl,-4.38
Cc1cc(=O)n(-c2ccccc2)n1C,0.715
c1ccc(C2CO2)cc1,-1.6
CNC(=O)C=C(C)OP(=O)(OC)OC,0.6509999999999999
NC(=O)NCc1ccccc1,-0.95
Cn1c(=O)on(-c2ccc(Cl)c(Cl)c2)c1=O,-2.82
CCCCCC(C)(C)O,-1.72
CCC1(CCC(C)C)C(=O)NC(=O)NC1=O,-2.658
Nc1ccc(S(=O)(=O)c2ccc(N)cc2)cc1,-3.094
C=C(C)C1CC=C(C)CC1,-4.26
Clc1cccc(-c2ccccc2)c1,-4.88
COP(=S)(OC)Oc1cc(Cl)c(Br)cc1Cl,-6.09
OC1CCCCC1,-0.44
CCC(=O)Nc1ccc(Cl)c(Cl)c1,-3.0
CCN1c2cc(OC)cc(C)c2NC(=O)c2cccnc21,-5.153
CCCCc1c(O)n(-c2ccccc2)n(-c2ccccc2)c1=O,-3.81
Cc1cccc(C)c1C,-3.2
CN1C(C(=O)Nc2ccccn2)C(=O)c2ccccc2S1(=O)=O,-4.16
Cc1cc(=O)[nH]c(=S)[nH]1,-2.436
CCCCO,0.0
O=C(Cn1ccnc1[N+](=O)[O-])NCc1ccccc1,-2.81
CCCCCCCCCCCCCC,-7.96
O=[N+]([O-])c1cc([N+](=O)[O-])cc([N+](=O)[O-])c1,-2.89
Nc1nc(N)c2nc(-c3ccccc3)c(N)nc2n1,-2.404
Clc1cc(Cl)c(Cl)c(Cl)c1,-4.63
Cc1ccc(C)c(C)c1,-3.31
Cc1cccnc1C,0.38
NNC(=O)c1ccncc1,0.009
CC(=O)Nc1ccc(Cl)cc1,-2.843
CCOC1Oc2ccc(OS(C)(=O)=O)cc2C1(C)C,-3.42
O=c1[nH]cnc2[nH]ncc12,-2.266
COc1ccc([N+](=O)[O-])cc1,-2.41
COc1ccccc1Cl,-2.46
CCCC1CCCC1,-4.74
CC(C)CCl,-2.0
CC(=O)CC(C)C,-0.74
C#CC1(O)CCC2C3CC=C4CC(=O)CCC4(O)C3CCC21C,-4.57
CNN,1.34
Cc1ccc(OP(=O)(Oc2cccc(C)c2)Oc2ccccc2C)cc1,-6.01
Clc1ccc(Cl)c(-c2cccc(Cl)c2Cl)c1,-6.47
CCOc1ccc2nc(S(N)(=O)=O)sc2c1,-3.81
CC(=O)OCC(=O)C1(O)CCC2C3CC=C4CC(=O)CCC4(C)C3C(=O)CC21C,-4.21
CCSSCC,-2.42
CN(C)C(=O)Nc1ccc(Oc2ccc(Cl)cc2)cc1,-4.89
OCC1OC(OC2(CO)OC(CO)C(O)C2O)C(O)C(O)C1O,0.79
C=CC=O,0.57
Cc1cccc2c1Cc1ccccc1-2,-5.22
O=C(Nc1ccccc1)N(Cc1ccc(Cl)cc1)C1CCCC1,-5.915
CCCCC(C)(O)CC,-1.6
CC1=C(C(=O)Nc2ccccc2)S(=O)(=O)CCO1,-2.281
C=CCC1(C(C)CCC)C(=O)NC(=S)NC1=O,-3.46
CCc1ccccc1,-2.77
CCCCCCCC(=O)OCC,-3.39
CC1=CCCCC1,-3.27
Cc1cccc(N)c1,-0.85
CCC1(c2ccccc2)C(=O)NCNC1=O,-2.64
CC=Cc1ccc(OC)cc1,-3.13
CC,-1.36
CNC(=O)Oc1ccccc1,-1.803
Clc1ccc(-c2ccccc2Cl)cc1,-5.28
COCOC,0.48
Clc1ccc(-c2c(Cl)ccc(Cl)c2Cl)c(Cl)c1,-7.43
COP(=S)(OC)Oc1cc(Cl)c(Cl)cc1Cl,-5.72
CCOCC,-0.09
OC(c1ccccc1)C(O)c1ccccc1,-1.93
O=c1cc[nH]cc1,1.02
CCNc1nc(Cl)nc(NCC)n1,-4.55
CC(O)c1ccccc1,-0.92
Nc1ccccc1O,-0.72
CCCCCCCCCCCCCCCC,-8.4
O=[N+]([O-])c1cccc([N+](=O)[O-])c1,-2.29
CC(=O)OCN1C(=O)NC(c2ccccc2)(c2ccccc2)C1=O,-4.47
CN(C)C(=O)N(C)C,0.94
CC(C)CBr,-2.43
CC(C)COC=O,-1.01
CCC(O)C(C)C,-0.7
Cc1ccccc1Br,-2.23
O=c1[nH]c2c(c(=O)n1C1CCCCC1)CCC2,-4.593999999999999
c1ccc2ocnc2c1,-1.16
OCC(O)C(O)C(O)C(O)CO,1.09
C1=CCC=CC1,-2.06
Cc1ccc(N)cc1,-1.21
Oc1ccc(O)[nH]1,0.3
CC1Cc2ccccc2N1NC(=O)c1ccc(Cl)c(S(N)(=O)=O)c1,-3.5860000000000003
NNc1ccccc1,0.07
Cc1ccncc1C,0.36
Clc1cc(Cl)c(-c2c(Cl)cc(Cl)cc2Cl)c(Cl)c1,-8.71
CCC[N+](=O)[O-],-0.8
CC(C)OP(=S)(OC(C)C)SCCNS(=O)(=O)c1ccccc1,-4.2
Clc1ccccc1I,-3.54
CC(C)C(C)C(C)C,-4.8
Sc1ccccc1,-2.12
O=C1CC(c2ccc(O)c(O)c2)Oc2cc(O)cc(O)c21,-3.62
COC(=O)c1cccnc1,-0.46
CCC(C)C,-3.18
